-- "TBL_AUTHORITY"

INSERT
  INTO TBL_AUTHORITY
  (
  AUTHORITY_CODE, AUTHORITY_NAME, AUTHORITY_DESC
  )
  VALUES
  (
  1, 'ROLE_CLIENT', '고객'
  );

INSERT
  INTO TBL_AUTHORITY
  (
  AUTHORITY_CODE, AUTHORITY_NAME, AUTHORITY_DESC
  )
  VALUES
  (
  2, 'ROLE_MEMBER', '모든 사용자'
  );

INSERT
  INTO TBL_AUTHORITY
  (
  AUTHORITY_CODE, AUTHORITY_NAME, AUTHORITY_DESC
  )
  VALUES
  (
  3, 'ROLE_EMPLOYEE', '직원'
  );
  
INSERT
  INTO TBL_AUTHORITY
  (
  AUTHORITY_CODE, AUTHORITY_NAME, AUTHORITY_DESC
  )
  VALUES
  (
  4, 'ROLE_ADMIN', '모든 관리자'
  );  

INSERT
  INTO TBL_AUTHORITY
  (
  AUTHORITY_CODE, AUTHORITY_NAME, AUTHORITY_DESC
  )
  VALUES
  (
  5, 'ROLE_ADMIN_BOSS', '사장'
  );  


INSERT
  INTO TBL_AUTHORITY
  (
  AUTHORITY_CODE, AUTHORITY_NAME, AUTHORITY_DESC
  )
  VALUES
  (
  6, 'ROLE_ADMIN_SEC', '보안 담당자'
  );
  
INSERT
  INTO TBL_AUTHORITY
  (
  AUTHORITY_CODE, AUTHORITY_NAME, AUTHORITY_DESC
  )
  VALUES
  (
  7, 'ROLE_ADMIN_HR', '인사 담당자'
  );  

INSERT
  INTO TBL_AUTHORITY
  (
  AUTHORITY_CODE, AUTHORITY_NAME, AUTHORITY_DESC
  )
  VALUES
  (
  8, 'ROLE_ADMIN_FNC', '재정 담당자'
  );

INSERT
  INTO TBL_AUTHORITY
  (
  AUTHORITY_CODE, AUTHORITY_NAME, AUTHORITY_DESC
  )
  VALUES
  (
  9, 'ROLE_FAIL', '로그인 실패'
  );

INSERT 
  INTO TBL_EMPLOYEE 
  (
  EMPLOYEE_NO, EMPLOYEE_NAME, EMPLOYEE_ID, EMPLOYEE_PWD, EMPLOYEE_BIRTH, EMPLOYEE_GENDER,
  EMPLOYEE_PHONE,EMPLOYEE_HIRE_DATE, EMPLOYEE_RETIRE_DATE, EMPLOYEE_SUM_COUNT, EMPLOYEE_SUM_TIME,
  EMPLOYEE_LAST_LOGIN_DATE, EMPLOYEE_BLACKLIST_YN, EMPLOYEE_RETIRE_YN, REQUEST_DATE,EMPLOYEE_FIRST_CONFIRM_YN,
  EMPLOYEE_SECOND_CONFIRMER, EMPLOYEE_LAST_CONFIRM_YN, EMPLOYEE_LAST_CONFIRM_DATE,EMPLOYEE_REGIST_RETURN_YN
  ) 
  VALUES 
  (
  SEQ_EMP_NO.NEXTVAL, '일라클', '202201', '$2a$10$X45Jsk42JefSGVcnYKccweDQ1dz2xRMFTfKMtnOlpB1ZQMMsnhQlK', TO_DATE('22/01/01','RR/MM/DD'), 'F',
  '01011111111', TO_DATE('22/01/01','RR/MM/DD'), TO_DATE('22/06/01','RR/MM/DD'), 1, 15,
  TO_DATE('22/06/01','RR/MM/DD'), 'N', 'Y', TO_DATE('22/01/01','RR/MM/DD'), 'Y', 'Y', 'Y', TO_DATE('22/01/01','RR/MM/DD'),'N'
  );

INSERT 
  INTO TBL_EMPLOYEE 
  (
  EMPLOYEE_NO, EMPLOYEE_NAME, EMPLOYEE_ID, EMPLOYEE_PWD, EMPLOYEE_BIRTH, EMPLOYEE_GENDER,
  EMPLOYEE_PHONE,EMPLOYEE_HIRE_DATE, EMPLOYEE_RETIRE_DATE, EMPLOYEE_SUM_COUNT, EMPLOYEE_SUM_TIME,
  EMPLOYEE_LAST_LOGIN_DATE, EMPLOYEE_BLACKLIST_YN, EMPLOYEE_RETIRE_YN, REQUEST_DATE,EMPLOYEE_FIRST_CONFIRM_YN,
  EMPLOYEE_SECOND_CONFIRMER, EMPLOYEE_LAST_CONFIRM_YN, EMPLOYEE_LAST_CONFIRM_DATE,EMPLOYEE_REGIST_RETURN_YN
  ) 
  VALUES
  (
  SEQ_EMP_NO.NEXTVAL, '이라클', '202202', '$2a$10$X45Jsk42JefSGVcnYKccweDQ1dz2xRMFTfKMtnOlpB1ZQMMsnhQlK', TO_DATE('22/01/02','RR/MM/DD'), 'F',
  '01022222222', TO_DATE('22/01/02','RR/MM/DD'), TO_DATE('22/06/02','RR/MM/DD'), 3, 11,
  TO_DATE('22/06/01','RR/MM/DD'), 'N', 'Y', TO_DATE('22/01/02','RR/MM/DD'), 'Y', 'Y', 'Y', TO_DATE('22/01/02','RR/MM/DD'),'N'
  );

INSERT 
  INTO TBL_EMPLOYEE 
  (
  EMPLOYEE_NO, EMPLOYEE_NAME, EMPLOYEE_ID, EMPLOYEE_PWD, EMPLOYEE_BIRTH, EMPLOYEE_GENDER,
  EMPLOYEE_PHONE,EMPLOYEE_HIRE_DATE, EMPLOYEE_RETIRE_DATE, EMPLOYEE_SUM_COUNT, EMPLOYEE_SUM_TIME,
  EMPLOYEE_LAST_LOGIN_DATE, EMPLOYEE_BLACKLIST_YN, EMPLOYEE_RETIRE_YN, REQUEST_DATE,EMPLOYEE_FIRST_CONFIRM_YN,
  EMPLOYEE_SECOND_CONFIRMER, EMPLOYEE_LAST_CONFIRM_YN, EMPLOYEE_LAST_CONFIRM_DATE,EMPLOYEE_REGIST_RETURN_YN
  ) 
  VALUES
  (
  SEQ_EMP_NO.NEXTVAL, '삼라클', '202203', '$2a$10$X45Jsk42JefSGVcnYKccweDQ1dz2xRMFTfKMtnOlpB1ZQMMsnhQlK', TO_DATE('22/01/03','RR/MM/DD'), 'F',
  '01033333333', TO_DATE('22/01/03','RR/MM/DD'), TO_DATE('22/06/03','RR/MM/DD'), 3, 3,
  TO_DATE('22/06/01','RR/MM/DD'), 'N', 'Y', TO_DATE('22/01/03','RR/MM/DD'), 'Y', 'Y', 'Y', TO_DATE('22/01/03','RR/MM/DD'), 'N'
  );

INSERT 
  INTO TBL_EMPLOYEE 
  (
  EMPLOYEE_NO, EMPLOYEE_NAME, EMPLOYEE_ID, EMPLOYEE_PWD, EMPLOYEE_BIRTH, EMPLOYEE_GENDER,
  EMPLOYEE_PHONE,EMPLOYEE_HIRE_DATE, EMPLOYEE_RETIRE_DATE, EMPLOYEE_SUM_COUNT, EMPLOYEE_SUM_TIME,
  EMPLOYEE_LAST_LOGIN_DATE, EMPLOYEE_BLACKLIST_YN, EMPLOYEE_RETIRE_YN, REQUEST_DATE,EMPLOYEE_FIRST_CONFIRM_YN,
  EMPLOYEE_SECOND_CONFIRMER, EMPLOYEE_LAST_CONFIRM_YN, EMPLOYEE_LAST_CONFIRM_DATE,EMPLOYEE_REGIST_RETURN_YN
  ) 
  VALUES
  (
  SEQ_EMP_NO.NEXTVAL, '사라클', '202204', '$2a$10$X45Jsk42JefSGVcnYKccweDQ1dz2xRMFTfKMtnOlpB1ZQMMsnhQlK', TO_DATE('22/01/04','RR/MM/DD'), 'F',
  '01044444444', TO_DATE('22/01/04','RR/MM/DD'), TO_DATE('22/06/04','RR/MM/DD'), 2, 2,
  TO_DATE('22/06/01','RR/MM/DD'),'N','Y',TO_DATE('22/01/04','RR/MM/DD'),'Y','Y','Y',TO_DATE('22/01/04','RR/MM/DD'),'N'
  );

INSERT 
  INTO TBL_EMPLOYEE 
  (
  EMPLOYEE_NO, EMPLOYEE_NAME, EMPLOYEE_ID, EMPLOYEE_PWD, EMPLOYEE_BIRTH, EMPLOYEE_GENDER,
  EMPLOYEE_PHONE,EMPLOYEE_HIRE_DATE, EMPLOYEE_RETIRE_DATE, EMPLOYEE_SUM_COUNT, EMPLOYEE_SUM_TIME,
  EMPLOYEE_LAST_LOGIN_DATE, EMPLOYEE_BLACKLIST_YN, EMPLOYEE_RETIRE_YN, REQUEST_DATE,EMPLOYEE_FIRST_CONFIRM_YN,
  EMPLOYEE_SECOND_CONFIRMER, EMPLOYEE_LAST_CONFIRM_YN, EMPLOYEE_LAST_CONFIRM_DATE,EMPLOYEE_REGIST_RETURN_YN
  ) 
  VALUES 
  (
  SEQ_EMP_NO.NEXTVAL, '오라클', '202205', '$2a$10$X45Jsk42JefSGVcnYKccweDQ1dz2xRMFTfKMtnOlpB1ZQMMsnhQlK', TO_DATE('22/01/05','RR/MM/DD'), 'M',
  '01055555555', TO_DATE('22/01/05','RR/MM/DD'), TO_DATE('22/06/05','RR/MM/DD'), 1, 22,
  TO_DATE('22/06/01','RR/MM/DD'), 'N', 'Y', TO_DATE('22/01/05','RR/MM/DD'), 'Y', 'Y', 'Y', TO_DATE('22/01/05','RR/MM/DD'),'N'
  );

INSERT  
  INTO TBL_EMPLOYEE 
  (
  EMPLOYEE_NO, EMPLOYEE_NAME, EMPLOYEE_ID, EMPLOYEE_PWD, EMPLOYEE_BIRTH, EMPLOYEE_GENDER,
  EMPLOYEE_PHONE,EMPLOYEE_HIRE_DATE, EMPLOYEE_RETIRE_DATE, EMPLOYEE_SUM_COUNT, EMPLOYEE_SUM_TIME,
  EMPLOYEE_LAST_LOGIN_DATE, EMPLOYEE_BLACKLIST_YN, EMPLOYEE_RETIRE_YN, REQUEST_DATE,EMPLOYEE_FIRST_CONFIRM_YN,
  EMPLOYEE_SECOND_CONFIRMER, EMPLOYEE_LAST_CONFIRM_YN, EMPLOYEE_LAST_CONFIRM_DATE,EMPLOYEE_REGIST_RETURN_YN
  ) 
  VALUES
  (
  SEQ_EMP_NO.NEXTVAL, '육라클', '202206', '$2a$10$X45Jsk42JefSGVcnYKccweDQ1dz2xRMFTfKMtnOlpB1ZQMMsnhQlK', TO_DATE('22/01/06','RR/MM/DD'), 'M',
  '01066666666', TO_DATE('22/01/06','RR/MM/DD'), TO_DATE('22/06/06','RR/MM/DD'), 5, 14,
  TO_DATE('22/06/01','RR/MM/DD'), 'N', 'Y', TO_DATE('22/01/06','RR/MM/DD'), 'Y', 'Y', 'Y', TO_DATE('22/01/06','RR/MM/DD'),'N'
  );

INSERT  
  INTO TBL_EMPLOYEE 
  (
  EMPLOYEE_NO, EMPLOYEE_NAME, EMPLOYEE_ID, EMPLOYEE_PWD, EMPLOYEE_BIRTH, EMPLOYEE_GENDER,
  EMPLOYEE_PHONE,EMPLOYEE_HIRE_DATE, EMPLOYEE_RETIRE_DATE, EMPLOYEE_SUM_COUNT, EMPLOYEE_SUM_TIME,
  EMPLOYEE_LAST_LOGIN_DATE, EMPLOYEE_BLACKLIST_YN, EMPLOYEE_RETIRE_YN, REQUEST_DATE,EMPLOYEE_FIRST_CONFIRM_YN,
  EMPLOYEE_SECOND_CONFIRMER, EMPLOYEE_LAST_CONFIRM_YN, EMPLOYEE_LAST_CONFIRM_DATE,EMPLOYEE_REGIST_RETURN_YN
  ) 
  VALUES
  (
  SEQ_EMP_NO.NEXTVAL, '칠라클', '202207', '$2a$10$X45Jsk42JefSGVcnYKccweDQ1dz2xRMFTfKMtnOlpB1ZQMMsnhQlKPWD', TO_DATE('22/01/07','RR/MM/DD'), 'M',
  '01077777777', TO_DATE('22/01/07','RR/MM/DD'), TO_DATE('22/06/07','RR/MM/DD'), 2, 55,
  TO_DATE('22/06/01','RR/MM/DD'), 'N', 'Y', TO_DATE('22/01/07','RR/MM/DD'), 'Y', 'Y', 'Y', TO_DATE('22/01/07','RR/MM/DD'),'N'
  );

INSERT  
  INTO TBL_EMPLOYEE 
  (
  EMPLOYEE_NO, EMPLOYEE_NAME, EMPLOYEE_ID, EMPLOYEE_PWD, EMPLOYEE_BIRTH, EMPLOYEE_GENDER,
  EMPLOYEE_PHONE,EMPLOYEE_HIRE_DATE, EMPLOYEE_RETIRE_DATE, EMPLOYEE_SUM_COUNT, EMPLOYEE_SUM_TIME,
  EMPLOYEE_LAST_LOGIN_DATE, EMPLOYEE_BLACKLIST_YN, EMPLOYEE_RETIRE_YN, REQUEST_DATE,EMPLOYEE_FIRST_CONFIRM_YN,
  EMPLOYEE_SECOND_CONFIRMER, EMPLOYEE_LAST_CONFIRM_YN, EMPLOYEE_LAST_CONFIRM_DATE,EMPLOYEE_REGIST_RETURN_YN
  ) 
  VALUES
  (
  SEQ_EMP_NO.NEXTVAL, '팔라클', '202208', '$2a$10$X45Jsk42JefSGVcnYKccweDQ1dz2xRMFTfKMtnOlpB1ZQMMsnhQlK', TO_DATE('22/01/08','RR/MM/DD'), 'M',
  '01088888888', TO_DATE('22/01/08','RR/MM/DD'), TO_DATE('22/06/08','RR/MM/DD'), 1, 63,
  TO_DATE('22/06/01','RR/MM/DD'), 'N', 'Y', TO_DATE('22/01/08','RR/MM/DD'), 'Y', 'Y', 'Y', TO_DATE('22/01/08','RR/MM/DD'),'N'
  );

INSERT  
  INTO TBL_EMPLOYEE 
  (
  EMPLOYEE_NO, EMPLOYEE_NAME, EMPLOYEE_ID, EMPLOYEE_PWD, EMPLOYEE_BIRTH, EMPLOYEE_GENDER,
  EMPLOYEE_PHONE,EMPLOYEE_HIRE_DATE, EMPLOYEE_RETIRE_DATE, EMPLOYEE_SUM_COUNT, EMPLOYEE_SUM_TIME,
  EMPLOYEE_LAST_LOGIN_DATE, EMPLOYEE_BLACKLIST_YN, EMPLOYEE_RETIRE_YN, REQUEST_DATE,EMPLOYEE_FIRST_CONFIRM_YN,
  EMPLOYEE_SECOND_CONFIRMER, EMPLOYEE_LAST_CONFIRM_YN, EMPLOYEE_LAST_CONFIRM_DATE,EMPLOYEE_REGIST_RETURN_YN
  ) 
  VALUES
  (
  SEQ_EMP_NO.NEXTVAL, '구라클', '202209', '$2a$10$X45Jsk42JefSGVcnYKccweDQ1dz2xRMFTfKMtnOlpB1ZQMMsnhQlK', TO_DATE('22/01/09','RR/MM/DD'), 'F',
  '01099999999', TO_DATE('22/01/09','RR/MM/DD'), TO_DATE('22/06/09','RR/MM/DD'), 3, 41,
  TO_DATE('22/06/01','RR/MM/DD'), 'N', 'Y', TO_DATE('22/01/09','RR/MM/DD'), 'Y', 'Y', 'Y', TO_DATE('22/01/09','RR/MM/DD'),'N'
  );

INSERT 
  INTO TBL_EMPLOYEE 
  (
  EMPLOYEE_NO, EMPLOYEE_NAME, EMPLOYEE_ID, EMPLOYEE_PWD, EMPLOYEE_BIRTH, EMPLOYEE_GENDER,
  EMPLOYEE_PHONE,EMPLOYEE_HIRE_DATE, EMPLOYEE_RETIRE_DATE, EMPLOYEE_SUM_COUNT, EMPLOYEE_SUM_TIME,
  EMPLOYEE_LAST_LOGIN_DATE, EMPLOYEE_BLACKLIST_YN, EMPLOYEE_RETIRE_YN, REQUEST_DATE,EMPLOYEE_FIRST_CONFIRM_YN,
  EMPLOYEE_SECOND_CONFIRMER, EMPLOYEE_LAST_CONFIRM_YN, EMPLOYEE_LAST_CONFIRM_DATE,EMPLOYEE_REGIST_RETURN_YN
  ) 
  VALUES
  (
  SEQ_EMP_NO.NEXTVAL, '십라클', '202210', '$2a$10$X45Jsk42JefSGVcnYKccweDQ1dz2xRMFTfKMtnOlpB1ZQMMsnhQlK', TO_DATE('22/01/10','RR/MM/DD'), 'M',
  '01000000000', TO_DATE('22/01/10','RR/MM/DD'), TO_DATE('22/06/10','RR/MM/DD'), 0, 29,
  TO_DATE('22/06/01','RR/MM/DD'), 'N', 'Y', TO_DATE('22/01/10','RR/MM/DD'), 'Y', 'Y', 'Y', TO_DATE('22/01/10','RR/MM/DD'),'N'
  );

INSERT 
  INTO TBL_EMPLOYEE 
  (
  EMPLOYEE_NO, EMPLOYEE_NAME, EMPLOYEE_ID, EMPLOYEE_PWD, EMPLOYEE_BIRTH, EMPLOYEE_GENDER,
  EMPLOYEE_PHONE,EMPLOYEE_HIRE_DATE, EMPLOYEE_RETIRE_DATE, EMPLOYEE_SUM_COUNT, EMPLOYEE_SUM_TIME,
  EMPLOYEE_LAST_LOGIN_DATE, EMPLOYEE_BLACKLIST_YN, EMPLOYEE_RETIRE_YN, REQUEST_DATE,EMPLOYEE_FIRST_CONFIRM_YN,
  EMPLOYEE_SECOND_CONFIRMER, EMPLOYEE_LAST_CONFIRM_YN, EMPLOYEE_LAST_CONFIRM_DATE,EMPLOYEE_REGIST_RETURN_YN
  ) 
  VALUES
  (
  SEQ_EMP_NO.NEXTVAL, '유한조', '202211', '$2a$10$X45Jsk42JefSGVcnYKccweDQ1dz2xRMFTfKMtnOlpB1ZQMMsnhQlK', TO_DATE('99/01/01','RR/MM/DD'), 'M',
  '01011111110', TO_DATE('22/01/11','RR/MM/DD'), NULL, 2, 99,
  TO_DATE('22/06/01','RR/MM/DD'), 'N', 'N', TO_DATE('22/01/11','RR/MM/DD'), 'Y', 'Y', 'Y', TO_DATE('22/01/11','RR/MM/DD'), 'N'
  );

INSERT 
  INTO TBL_EMPLOYEE 
  (
  EMPLOYEE_NO, EMPLOYEE_NAME, EMPLOYEE_ID, EMPLOYEE_PWD, EMPLOYEE_BIRTH, EMPLOYEE_GENDER,
  EMPLOYEE_PHONE,EMPLOYEE_HIRE_DATE, EMPLOYEE_RETIRE_DATE, EMPLOYEE_SUM_COUNT, EMPLOYEE_SUM_TIME,
  EMPLOYEE_LAST_LOGIN_DATE, EMPLOYEE_BLACKLIST_YN, EMPLOYEE_RETIRE_YN, REQUEST_DATE,EMPLOYEE_FIRST_CONFIRM_YN,
  EMPLOYEE_SECOND_CONFIRMER, EMPLOYEE_LAST_CONFIRM_YN, EMPLOYEE_LAST_CONFIRM_DATE,EMPLOYEE_REGIST_RETURN_YN
  ) 
  VALUES
  (
  SEQ_EMP_NO.NEXTVAL, '유호준', '202212', '$2a$10$X45Jsk42JefSGVcnYKccweDQ1dz2xRMFTfKMtnOlpB1ZQMMsnhQlK', TO_DATE('99/01/02','RR/MM/DD'), 'M',
  '01022222220', TO_DATE('22/01/12','RR/MM/DD'), NULL, 2, 2,
  TO_DATE('22/06/01','RR/MM/DD'),'N', 'N', TO_DATE('22/01/12' ,'RR/MM/DD'), 'Y', 'Y', 'Y', TO_DATE('22/01/12' ,'RR/MM/DD'), 'N'
  );

INSERT 
  INTO TBL_EMPLOYEE 
  (
  EMPLOYEE_NO, EMPLOYEE_NAME, EMPLOYEE_ID, EMPLOYEE_PWD, EMPLOYEE_BIRTH, EMPLOYEE_GENDER,
  EMPLOYEE_PHONE,EMPLOYEE_HIRE_DATE, EMPLOYEE_RETIRE_DATE, EMPLOYEE_SUM_COUNT, EMPLOYEE_SUM_TIME,
  EMPLOYEE_LAST_LOGIN_DATE, EMPLOYEE_BLACKLIST_YN, EMPLOYEE_RETIRE_YN, REQUEST_DATE,EMPLOYEE_FIRST_CONFIRM_YN,
  EMPLOYEE_SECOND_CONFIRMER, EMPLOYEE_LAST_CONFIRM_YN, EMPLOYEE_LAST_CONFIRM_DATE,EMPLOYEE_REGIST_RETURN_YN
  ) 
  VALUES
  (
  SEQ_EMP_NO.NEXTVAL, '이다영', '202213', '$2a$10$X45Jsk42JefSGVcnYKccweDQ1dz2xRMFTfKMtnOlpB1ZQMMsnhQlK', TO_DATE('99/01/03','RR/MM/DD'), 'F',
  '01033333330', TO_DATE('22/01/13','RR/MM/DD'), NULL, 3, 3, 
  TO_DATE('22/06/01','RR/MM/DD'), 'N', 'N', TO_DATE('22/01/13' ,'RR/MM/DD'), 'Y', 'Y', 'Y', TO_DATE('22/01/13','RR/MM/DD'), 'N'
  );

INSERT 
  INTO TBL_EMPLOYEE 
  (
  EMPLOYEE_NO, EMPLOYEE_NAME, EMPLOYEE_ID, EMPLOYEE_PWD, EMPLOYEE_BIRTH, EMPLOYEE_GENDER,
  EMPLOYEE_PHONE,EMPLOYEE_HIRE_DATE, EMPLOYEE_RETIRE_DATE, EMPLOYEE_SUM_COUNT, EMPLOYEE_SUM_TIME,
  EMPLOYEE_LAST_LOGIN_DATE, EMPLOYEE_BLACKLIST_YN, EMPLOYEE_RETIRE_YN, REQUEST_DATE,EMPLOYEE_FIRST_CONFIRM_YN,
  EMPLOYEE_SECOND_CONFIRMER, EMPLOYEE_LAST_CONFIRM_YN, EMPLOYEE_LAST_CONFIRM_DATE,EMPLOYEE_REGIST_RETURN_YN
  ) 
  VALUES
  (
  SEQ_EMP_NO.NEXTVAL, '이시원', '202214', '$2a$10$X45Jsk42JefSGVcnYKccweDQ1dz2xRMFTfKMtnOlpB1ZQMMsnhQlK', TO_DATE('99/01/04','RR/MM/DD'), 'F',
  '01044444440', TO_DATE('22/01/14','RR/MM/DD'), NULL, 5, 4,
  TO_DATE('22/06/01','RR /MM/DD'), 'Y', 'N', TO_DATE('22/01/14','RR/MM/DD'), 'Y', 'Y', 'Y', TO_DATE('22/01/14','RR/MM/DD'), 'N'
  );

INSERT 
  INTO TBL_EMPLOYEE 
  (
  EMPLOYEE_NO, EMPLOYEE_NAME, EMPLOYEE_ID, EMPLOYEE_PWD, EMPLOYEE_BIRTH, EMPLOYEE_GENDER,
  EMPLOYEE_PHONE,EMPLOYEE_HIRE_DATE, EMPLOYEE_RETIRE_DATE, EMPLOYEE_SUM_COUNT, EMPLOYEE_SUM_TIME,
  EMPLOYEE_LAST_LOGIN_DATE, EMPLOYEE_BLACKLIST_YN, EMPLOYEE_RETIRE_YN, REQUEST_DATE,EMPLOYEE_FIRST_CONFIRM_YN,
  EMPLOYEE_SECOND_CONFIRMER, EMPLOYEE_LAST_CONFIRM_YN, EMPLOYEE_LAST_CONFIRM_DATE,EMPLOYEE_REGIST_RETURN_YN
  ) 
  VALUES
  (
  SEQ_EMP_NO.NEXTVAL, '나큰솔', '202215', '$2a$10$X45Jsk42JefSGVcnYKccweDQ1dz2xRMFTfKMtnOlpB1ZQMMsnhQlK', TO_DATE('99/01/05','RR/MM/DD'), 'M',
  '01055555550', TO_DATE('22/01/15','RR/MM/DD'), NULL, 0, 5,
  TO_DATE('22/06/01','RR/MM/DD'), 'N', 'N', TO_DATE('22/01/15','RR/MM/DD'), 'Y', 'Y', 'Y', TO_DATE('22/01/15' ,'RR/MM/DD'), 'N'
  );

INSERT 
  INTO TBL_EMPLOYEE 
  (
  EMPLOYEE_NO, EMPLOYEE_NAME, EMPLOYEE_ID, EMPLOYEE_PWD, EMPLOYEE_BIRTH, EMPLOYEE_GENDER,
  EMPLOYEE_PHONE,EMPLOYEE_HIRE_DATE, EMPLOYEE_RETIRE_DATE, EMPLOYEE_SUM_COUNT, EMPLOYEE_SUM_TIME,
  EMPLOYEE_LAST_LOGIN_DATE, EMPLOYEE_BLACKLIST_YN, EMPLOYEE_RETIRE_YN, REQUEST_DATE,EMPLOYEE_FIRST_CONFIRM_YN,
  EMPLOYEE_SECOND_CONFIRMER, EMPLOYEE_LAST_CONFIRM_YN, EMPLOYEE_LAST_CONFIRM_DATE,EMPLOYEE_REGIST_RETURN_YN
  ) 
  VALUES
  (
  SEQ_EMP_NO.NEXTVAL, '서보라', '202216', '$2a$10$X45Jsk42JefSGVcnYKccweDQ1dz2xRMFTfKMtnOlpB1ZQMMsnhQlK', TO_DATE('99/01/06','RR/MM/DD'), 'F',
  '01066666660', TO_DATE('22/01/16','RR/MM/DD'), NULL, 2, 11,
  TO_DATE('22/06/01','RR/MM/DD'), 'N', 'N', TO_DATE('22/01/16','RR/MM/DD'), 'Y', 'Y', 'Y', TO_DATE('22/01/16 ','RR/MM/DD'), 'N'
  );

INSERT 
  INTO TBL_EMPLOYEE 
  (
  EMPLOYEE_NO, EMPLOYEE_NAME, EMPLOYEE_ID, EMPLOYEE_PWD, EMPLOYEE_BIRTH, EMPLOYEE_GENDER,
  EMPLOYEE_PHONE,EMPLOYEE_HIRE_DATE, EMPLOYEE_RETIRE_DATE, EMPLOYEE_SUM_COUNT, EMPLOYEE_SUM_TIME,
  EMPLOYEE_LAST_LOGIN_DATE, EMPLOYEE_BLACKLIST_YN, EMPLOYEE_RETIRE_YN, REQUEST_DATE,EMPLOYEE_FIRST_CONFIRM_YN,
  EMPLOYEE_SECOND_CONFIRMER, EMPLOYEE_LAST_CONFIRM_YN, EMPLOYEE_LAST_CONFIRM_DATE,EMPLOYEE_REGIST_RETURN_YN
  ) 
  VALUES
  (
  SEQ_EMP_NO.NEXTVAL, '이한조', '202217', '$2a$10$X45Jsk42JefSGVcnYKccweDQ1dz2xRMFTfKMtnOlpB1ZQMMsnhQlK', TO_DATE('99/01/07','RR/MM/DD'), 'M',
  '01077777770', TO_DATE('22/01/17','RR/MM/DD'), NULL, 0, 6,
  TO_DATE('22/06/01','RR/MM/DD'), 'N', 'N', TO_DATE('22/01/17','RR/MM/DD'), 'Y', 'Y', 'Y', TO_DATE('22/01/17','RR/MM/DD'), 'N'
  );

INSERT 
  INTO TBL_EMPLOYEE 
  (
  EMPLOYEE_NO, EMPLOYEE_NAME, EMPLOYEE_ID, EMPLOYEE_PWD, EMPLOYEE_BIRTH, EMPLOYEE_GENDER,
  EMPLOYEE_PHONE,EMPLOYEE_HIRE_DATE, EMPLOYEE_RETIRE_DATE, EMPLOYEE_SUM_COUNT, EMPLOYEE_SUM_TIME,
  EMPLOYEE_LAST_LOGIN_DATE, EMPLOYEE_BLACKLIST_YN, EMPLOYEE_RETIRE_YN, REQUEST_DATE,EMPLOYEE_FIRST_CONFIRM_YN,
  EMPLOYEE_SECOND_CONFIRMER, EMPLOYEE_LAST_CONFIRM_YN, EMPLOYEE_LAST_CONFIRM_DATE,EMPLOYEE_REGIST_RETURN_YN
  ) 
  VALUES
  (
  SEQ_EMP_NO.NEXTVAL, '김한조', '202218', '$2a$10$X45Jsk42JefSGVcnYKccweDQ1dz2xRMFTfKMtnOlpB1ZQMMsnhQlK', TO_DATE('99/01/08','RR/MM/DD'), 'M',
  '01088888880', TO_DATE('22/01/18','RR/MM/DD'), NULL, 5, 7,
  TO_DATE('22/06/01','RR/MM/DD'), 'Y', 'N', TO_DATE('22/01/18','RR/MM/DD'), 'Y', 'N', 'N', TO_DATE('22/01/18','RR /MM/DD'), 'Y'
  );

INSERT 
  INTO TBL_EMPLOYEE 
  (
  EMPLOYEE_NO, EMPLOYEE_NAME, EMPLOYEE_ID, EMPLOYEE_PWD, EMPLOYEE_BIRTH, EMPLOYEE_GENDER,
  EMPLOYEE_PHONE,EMPLOYEE_HIRE_DATE, EMPLOYEE_RETIRE_DATE, EMPLOYEE_SUM_COUNT, EMPLOYEE_SUM_TIME,
  EMPLOYEE_LAST_LOGIN_DATE, EMPLOYEE_BLACKLIST_YN, EMPLOYEE_RETIRE_YN, REQUEST_DATE,EMPLOYEE_FIRST_CONFIRM_YN,
  EMPLOYEE_SECOND_CONFIRMER, EMPLOYEE_LAST_CONFIRM_YN, EMPLOYEE_LAST_CONFIRM_DATE,EMPLOYEE_REGIST_RETURN_YN
  ) 
  VALUES
  (
  SEQ_EMP_NO.NEXTVAL, '박한조', '202219', '$2a$10$X45Jsk42JefSGVcnYKccweDQ1dz2xRMFTfKMtnOlpB1ZQMMsnhQlK', TO_DATE('99/01/09','RR/MM/DD'), 'F',
  '01099999990', TO_DATE('22/01/19','RR/MM/DD'), NULL, 0, 8,
  TO_DATE('22/06/01','RR/MM/DD'), 'N', 'N', TO_DATE('22/01/19','RR/MM/DD'), 'Y', 'N', 'N', TO_DATE('22/01/19','RR/MM/DD'), 'Y'
  );

INSERT 
  INTO TBL_EMPLOYEE 
  (
  EMPLOYEE_NO, EMPLOYEE_NAME, EMPLOYEE_ID, EMPLOYEE_PWD, EMPLOYEE_BIRTH, EMPLOYEE_GENDER,
  EMPLOYEE_PHONE,EMPLOYEE_HIRE_DATE, EMPLOYEE_RETIRE_DATE, EMPLOYEE_SUM_COUNT, EMPLOYEE_SUM_TIME,
  EMPLOYEE_LAST_LOGIN_DATE, EMPLOYEE_BLACKLIST_YN, EMPLOYEE_RETIRE_YN, REQUEST_DATE,EMPLOYEE_FIRST_CONFIRM_YN,
  EMPLOYEE_SECOND_CONFIRMER, EMPLOYEE_LAST_CONFIRM_YN, EMPLOYEE_LAST_CONFIRM_DATE,EMPLOYEE_REGIST_RETURN_YN
  ) 
  VALUES
  (
  SEQ_EMP_NO.NEXTVAL, '최한조', '202220', '$2a$10$X45Jsk42JefSGVcnYKccweDQ1dz2xRMFTfKMtnOlpB1ZQMMsnhQlK', TO_DATE('99/01/10','RR/MM/DD'), 'F',
  '01000000001', TO_DATE('22/01/20','RR/MM/DD'), NULL, 0, 9,
  TO_DATE('22/06/01','RR/MM/DD'), 'N', 'N', TO_DATE('22/01/20','RR/MM/DD'), 'Y', 'N', 'N', TO_DATE('22/01/20','RR/MM/DD'), 'Y'
  );

-- "TBL_RESERVATION_INFO";
INSERT INTO TBL_RESERVATION_INFO
(
  RESERVATION_NO, USER_NAME, USER_PHONE_NO, USER_POSTAL_NO, USER_ADDRESS
, USER_DETAIL_ADDRESS, USER_HOUSE_SIZE, USER_RESERVATION_DATE, USER_REQUIREMENTS, BUSINESS_DATE
, BUSINESS_START_TIME, BUSINESS_END_TIME, BUSINESS_FIXED_PEOPLE, BUSINESS_APPLY_PEOPLE, TOTAL_PAYMENT
, APPLY_END_YN, RESERVATION_CANCEL_YN, PAYMENT_YN
)
VALUES
(
  SEQ_TBL_RESERVATION.NEXTVAL, '유호준', '01012345678', 04916, '서울시 광진구 중곡1동'
, '63빌딩 3107호', 11, SYSDATE, '구석구석 깔끔하게 부탁드립니다', TO_DATE('22-07-27', 'YY-MM-DD')
, TO_DATE('2022-07-27 10:00:00', 'YYYY-MM-DD HH24:MI:SS'), TO_DATE('2022-07-27 13:00:00', 'YYYY-MM-DD HH24:MI:SS'), 1, 1, 54000
, 'Y', 'N', 'Y'
);
INSERT INTO TBL_RESERVATION_INFO
(
  RESERVATION_NO, USER_NAME, USER_PHONE_NO, USER_POSTAL_NO, USER_ADDRESS
, USER_DETAIL_ADDRESS, USER_HOUSE_SIZE, USER_RESERVATION_DATE, USER_REQUIREMENTS, BUSINESS_DATE
, BUSINESS_START_TIME, BUSINESS_END_TIME, BUSINESS_FIXED_PEOPLE, BUSINESS_APPLY_PEOPLE, TOTAL_PAYMENT
, APPLY_END_YN, RESERVATION_CANCEL_YN, PAYMENT_YN
)
VALUES
(
  SEQ_TBL_RESERVATION.NEXTVAL, '유한조', '01074152234', 25523, '서울시 종로구 인사1동'
, '덕진빌딩 3301호', 8, SYSDATE, '화장실 청소 위주로 부탁드립니다.', TO_DATE('22-07-27', 'YY-MM-DD')
, TO_DATE('2022-07-27 14:00:00', 'YYYY-MM-DD HH24:MI:SS'), TO_DATE('2022-07-27 16:00:00', 'YYYY-MM-DD HH24:MI:SS'), 1, 1, 33000
, 'Y', 'N', 'Y'
);
INSERT INTO TBL_RESERVATION_INFO
(
  RESERVATION_NO, USER_NAME, USER_PHONE_NO, USER_POSTAL_NO, USER_ADDRESS
, USER_DETAIL_ADDRESS, USER_HOUSE_SIZE, USER_RESERVATION_DATE, USER_REQUIREMENTS, BUSINESS_DATE
, BUSINESS_START_TIME, BUSINESS_END_TIME, BUSINESS_FIXED_PEOPLE, BUSINESS_APPLY_PEOPLE, TOTAL_PAYMENT
, APPLY_END_YN, RESERVATION_CANCEL_YN, PAYMENT_YN
)
VALUES
(
  SEQ_TBL_RESERVATION.NEXTVAL, '이시원', '01055554123', 14407, '서울시 송파구 잠실2동'
, '월드타워 7301호', 20, SYSDATE, '고양이 키웁니다~', TO_DATE('22-07-27', 'YY-MM-DD')
, TO_DATE('2022-07-27 12:30:00', 'YYYY-MM-DD HH24:MI:SS'), TO_DATE('2022-07-27 16:30:00', 'YYYY-MM-DD HH24:MI:SS'), 2, 2, 85000
, 'Y', 'N', 'Y'
);
INSERT INTO TBL_RESERVATION_INFO
(
  RESERVATION_NO, USER_NAME, USER_PHONE_NO, USER_POSTAL_NO, USER_ADDRESS
, USER_DETAIL_ADDRESS, USER_HOUSE_SIZE, USER_RESERVATION_DATE, USER_REQUIREMENTS, BUSINESS_DATE
, BUSINESS_START_TIME, BUSINESS_END_TIME, BUSINESS_FIXED_PEOPLE, BUSINESS_APPLY_PEOPLE, TOTAL_PAYMENT
, APPLY_END_YN, RESERVATION_CANCEL_YN, PAYMENT_YN
)
VALUES
(
  SEQ_TBL_RESERVATION.NEXTVAL, '나큰솔', '01055554123', 99452, '경기도 구리시 토평1동'
, '160-13호 2층', 9, SYSDATE, '없습니다.', TO_DATE('22-07-27', 'YY-MM-DD')
, TO_DATE('2022-07-27 09:30:00', 'YYYY-MM-DD HH24:MI:SS'), TO_DATE('2022-07-27 11:30:00', 'YYYY-MM-DD HH24:MI:SS'), 1, 1, 33000
, 'Y', 'N', 'Y'
);
INSERT INTO TBL_RESERVATION_INFO
(
  RESERVATION_NO, USER_NAME, USER_PHONE_NO, USER_POSTAL_NO, USER_ADDRESS
, USER_DETAIL_ADDRESS, USER_HOUSE_SIZE, USER_RESERVATION_DATE, USER_REQUIREMENTS, BUSINESS_DATE
, BUSINESS_START_TIME, BUSINESS_END_TIME, BUSINESS_FIXED_PEOPLE, BUSINESS_APPLY_PEOPLE, TOTAL_PAYMENT
, APPLY_END_YN, RESERVATION_CANCEL_YN, PAYMENT_YN
)
VALUES
(
  SEQ_TBL_RESERVATION.NEXTVAL, '서보라', '01012348888', 83467, '서울시 중랑구 면목동'
, '160-77호 4층', 11, SYSDATE, '주방청소 위주로 부탁드려요~~.', TO_DATE('22-07-27', 'YY-MM-DD')
, TO_DATE('2022-07-27 14:30:00', 'YYYY-MM-DD HH24:MI:SS'), TO_timestamp('2022-07-27 17:30:00', 'YYYY-MM-DD HH24:MI:SS'), 1, 1, 54000
, 'Y', 'N', 'Y'
);
INSERT INTO TBL_RESERVATION_INFO
(
  RESERVATION_NO, USER_NAME, USER_PHONE_NO, USER_POSTAL_NO, USER_ADDRESS
, USER_DETAIL_ADDRESS, USER_HOUSE_SIZE, USER_RESERVATION_DATE, USER_REQUIREMENTS, BUSINESS_DATE
, BUSINESS_START_TIME, BUSINESS_END_TIME, BUSINESS_FIXED_PEOPLE, BUSINESS_APPLY_PEOPLE, TOTAL_PAYMENT
, APPLY_END_YN, RESERVATION_CANCEL_YN, PAYMENT_YN
)
VALUES
(
  SEQ_TBL_RESERVATION.NEXTVAL, '이다영', '01042422424', 17845, '경기도 파주시 운양동'
, '111-11호 1층', 8, SYSDATE, '없어요~~.', TO_DATE('22-07-27', 'YY-MM-DD')
, TO_DATE('2022-07-27 17:00:00', 'YYYY-MM-DD HH24:MI:SS'), TO_timestamp('2022-07-27 19:00:00', 'YYYY-MM-DD HH24:MI:SS'), 1, 1, 33000
, 'Y', 'N', 'Y'
);

INSERT INTO TBL_RESERVATION_INFO
(
  RESERVATION_NO, USER_NAME, USER_PHONE_NO, USER_POSTAL_NO, USER_ADDRESS
, USER_DETAIL_ADDRESS, USER_HOUSE_SIZE, USER_RESERVATION_DATE, USER_REQUIREMENTS, BUSINESS_DATE
, BUSINESS_START_TIME, BUSINESS_END_TIME, BUSINESS_FIXED_PEOPLE, BUSINESS_APPLY_PEOPLE, TOTAL_PAYMENT
, APPLY_END_YN, RESERVATION_CANCEL_YN, PAYMENT_YN
)
VALUES
(
  SEQ_TBL_RESERVATION.NEXTVAL, '유호준', '01012345678', 04916, '서울시 광진구 중곡1동'
, '63빌딩 3107호', 11, SYSDATE, '구석구석 깔끔하게 부탁드립니다', TO_DATE('22-07-29', 'YY-MM-DD')
, TO_DATE('2022-07-29 10:00:00', 'YYYY-MM-DD HH24:MI:SS'), TO_DATE('2022-07-29 13:00:00', 'YYYY-MM-DD HH24:MI:SS'), 1, 0, 54000
, 'N', 'N', 'Y'
);
INSERT INTO TBL_RESERVATION_INFO
(
  RESERVATION_NO, USER_NAME, USER_PHONE_NO, USER_POSTAL_NO, USER_ADDRESS
, USER_DETAIL_ADDRESS, USER_HOUSE_SIZE, USER_RESERVATION_DATE, USER_REQUIREMENTS, BUSINESS_DATE
, BUSINESS_START_TIME, BUSINESS_END_TIME, BUSINESS_FIXED_PEOPLE, BUSINESS_APPLY_PEOPLE, TOTAL_PAYMENT
, APPLY_END_YN, RESERVATION_CANCEL_YN, PAYMENT_YN
)
VALUES
(
  SEQ_TBL_RESERVATION.NEXTVAL, '유한조', '01074152234', 25523, '서울시 종로구 인사1동'
, '덕진빌딩 3301호', 8, SYSDATE, '화장실 청소 위주로 부탁드립니다.', TO_DATE('22-07-29', 'YY-MM-DD')
, TO_DATE('2022-07-29 14:00:00', 'YYYY-MM-DD HH24:MI:SS'), TO_DATE('2022-07-29 16:00:00', 'YYYY-MM-DD HH24:MI:SS'), 1, 0, 33000
, 'N', 'N', 'Y'
);
INSERT INTO TBL_RESERVATION_INFO
(
  RESERVATION_NO, USER_NAME, USER_PHONE_NO, USER_POSTAL_NO, USER_ADDRESS
, USER_DETAIL_ADDRESS, USER_HOUSE_SIZE, USER_RESERVATION_DATE, USER_REQUIREMENTS, BUSINESS_DATE
, BUSINESS_START_TIME, BUSINESS_END_TIME, BUSINESS_FIXED_PEOPLE, BUSINESS_APPLY_PEOPLE, TOTAL_PAYMENT
, APPLY_END_YN, RESERVATION_CANCEL_YN, PAYMENT_YN
)
VALUES
(
  SEQ_TBL_RESERVATION.NEXTVAL, '이시원', '01055554123', 14407, '서울시 송파구 잠실2동'
, '월드타워 7301호', 20, SYSDATE, '고양이 키웁니다~', TO_DATE('22-07-29', 'YY-MM-DD')
, TO_DATE('2022-07-29 12:30:00', 'YYYY-MM-DD HH24:MI:SS'), TO_DATE('2022-07-29 16:30:00', 'YYYY-MM-DD HH24:MI:SS'), 2, 0, 85000
, 'N', 'N', 'Y'
);
INSERT INTO TBL_RESERVATION_INFO
(
  RESERVATION_NO, USER_NAME, USER_PHONE_NO, USER_POSTAL_NO, USER_ADDRESS
, USER_DETAIL_ADDRESS, USER_HOUSE_SIZE, USER_RESERVATION_DATE, USER_REQUIREMENTS, BUSINESS_DATE
, BUSINESS_START_TIME, BUSINESS_END_TIME, BUSINESS_FIXED_PEOPLE, BUSINESS_APPLY_PEOPLE, TOTAL_PAYMENT
, APPLY_END_YN, RESERVATION_CANCEL_YN, PAYMENT_YN
)
VALUES
(
  SEQ_TBL_RESERVATION.NEXTVAL, '나큰솔', '01055554123', 07777, '경기도 구리시 토평1동'
, '160-13호 2층', 9, SYSDATE, '없습니다.', TO_DATE('22-07-29', 'YY-MM-DD')
, TO_DATE('2022-07-29 09:30:00', 'YYYY-MM-DD HH24:MI:SS'), TO_DATE('2022-07-29 11:30:00', 'YYYY-MM-DD HH24:MI:SS'), 1, 0, 33000
, 'N', 'N', 'Y'
);
INSERT INTO TBL_RESERVATION_INFO
(
  RESERVATION_NO, USER_NAME, USER_PHONE_NO, USER_POSTAL_NO, USER_ADDRESS
, USER_DETAIL_ADDRESS, USER_HOUSE_SIZE, USER_RESERVATION_DATE, USER_REQUIREMENTS, BUSINESS_DATE
, BUSINESS_START_TIME, BUSINESS_END_TIME, BUSINESS_FIXED_PEOPLE, BUSINESS_APPLY_PEOPLE, TOTAL_PAYMENT
, APPLY_END_YN, RESERVATION_CANCEL_YN, PAYMENT_YN
)
VALUES
(
  SEQ_TBL_RESERVATION.NEXTVAL, '서보라', '01012348888', 13467, '서울시 중랑구 면목동'
, '160-77호 4층', 11, SYSDATE, '주방청소 위주로 부탁드려요~~.', TO_DATE('22-07-29', 'YY-MM-DD')
, TO_DATE('2022-07-29 14:30:00', 'YYYY-MM-DD HH24:MI:SS'), TO_timestamp('2022-07-29 17:30:00', 'YYYY-MM-DD HH24:MI:SS'), 1, 0, 54000
, 'N', 'N', 'Y'
);
INSERT INTO TBL_RESERVATION_INFO
(
  RESERVATION_NO, USER_NAME, USER_PHONE_NO, USER_POSTAL_NO, USER_ADDRESS
, USER_DETAIL_ADDRESS, USER_HOUSE_SIZE, USER_RESERVATION_DATE, USER_REQUIREMENTS, BUSINESS_DATE
, BUSINESS_START_TIME, BUSINESS_END_TIME, BUSINESS_FIXED_PEOPLE, BUSINESS_APPLY_PEOPLE, TOTAL_PAYMENT
, APPLY_END_YN, RESERVATION_CANCEL_YN, PAYMENT_YN
)
VALUES
(
  SEQ_TBL_RESERVATION.NEXTVAL, '이다영', '01042422424', 14368, '경기도 파주시 운양동'
, '111-11호 1층', 8, SYSDATE, '없어요~~.', TO_DATE('22-07-29', 'YY-MM-DD')
, TO_DATE('2022-07-29 17:00:00', 'YYYY-MM-DD HH24:MI:SS'), TO_timestamp('2022-07-29 19:00:00', 'YYYY-MM-DD HH24:MI:SS'), 1, 0, 33000
, 'N', 'N', 'Y'
);

-- "TBL_ADMIN";

INSERT 
  INTO TBL_ADMIN
(
  ADMIN_NO, ADMIN_NAME, ADMIN_ID
, ADMIN_PWD, ADMIN_BIRTH, ADMIN_GENDER
, ADMIN_PHONE, ADMIN_HIRE_DATE, ADMIN_RETIRE_DATE
, ADMIN_RETIRE_YN, ADMIN_JOB, ADMIN_LAST_LOGIN_DATE
, ADMIN_SALARY, ADMIN_USE_ANNUAL_VACATION
)
VALUES
(
  SEQ_TBL_ADMIN.NEXTVAL,'이시원','cleanup'||TO_CHAR(SYSDATE, 'YYMMDD')
, '$2a$10$X45Jsk42JefSGVcnYKccweDQ1dz2xRMFTfKMtnOlpB1ZQMMsnhQlK', TO_DATE('98/02/18','RR/MM/DD'),'F'
, '01033962771', TO_DATE('22/07/05','RR/MM/DD'), NULL
, 'N','총관리자', TO_DATE('22/07/05','RR/MM/DD')
, 20000000, 3
);
INSERT 
  INTO TBL_ADMIN
(
  ADMIN_NO, ADMIN_NAME, ADMIN_ID
, ADMIN_PWD, ADMIN_BIRTH, ADMIN_GENDER
, ADMIN_PHONE, ADMIN_HIRE_DATE, ADMIN_RETIRE_DATE
, ADMIN_RETIRE_YN, ADMIN_JOB, ADMIN_LAST_LOGIN_DATE
, ADMIN_SALARY, ADMIN_USE_ANNUAL_VACATION
)
VALUES
(
  SEQ_TBL_ADMIN.NEXTVAL, '서보라', 'cleanup210823'
, '$2a$10$X45Jsk42JefSGVcnYKccweDQ1dz2xRMFTfKMtnOlpB1ZQMMsnhQlK', TO_DATE('94/04/27','RR/MM/DD'), 'F'
, '01017689802', TO_DATE('21/08/23','RR/MM/DD'), NULL
, 'N', '인사관리자', TO_DATE('22/07/05','RR/MM/DD')
, 2300000, 1
);

INSERT 
  INTO TBL_ADMIN
(
  ADMIN_NO, ADMIN_NAME, ADMIN_ID
, ADMIN_PWD, ADMIN_BIRTH, ADMIN_GENDER
, ADMIN_PHONE, ADMIN_HIRE_DATE, ADMIN_RETIRE_DATE
, ADMIN_RETIRE_YN, ADMIN_JOB, ADMIN_LAST_LOGIN_DATE
, ADMIN_SALARY, ADMIN_USE_ANNUAL_VACATION
)
VALUES
(
  SEQ_TBL_ADMIN.NEXTVAL,'이유미', 'cleanup200304'
, '$2a$10$X45Jsk42JefSGVcnYKccweDQ1dz2xRMFTfKMtnOlpB1ZQMMsnhQlK', TO_DATE('92/08/06','RR/MM/DD'), 'F'
, '01029806785', TO_DATE('20/03/04','RR/MM/DD'), TO_DATE('22/07/03','RR/MM/DD')
, 'Y', '인사관리자', TO_DATE('22/07/03','RR/MM/DD')
, 3400000, 5
);

INSERT 
  INTO TBL_ADMIN
(
  ADMIN_NO, ADMIN_NAME, ADMIN_ID
, ADMIN_PWD, ADMIN_BIRTH, ADMIN_GENDER
, ADMIN_PHONE, ADMIN_HIRE_DATE, ADMIN_RETIRE_DATE
, ADMIN_RETIRE_YN, ADMIN_JOB, ADMIN_LAST_LOGIN_DATE
, ADMIN_SALARY, ADMIN_USE_ANNUAL_VACATION
)
VALUES
(
  SEQ_TBL_ADMIN.NEXTVAL, '신순록', 'cleanup210627'
, '$2a$10$X45Jsk42JefSGVcnYKccweDQ1dz2xRMFTfKMtnOlpB1ZQMMsnhQlK', TO_DATE('94/07/06','RR/MM/DD'), 'M'
, '01023479856', TO_DATE('22/06/27','RR/MM/DD'), NULL
, 'N', '일반관리자', TO_DATE('22/07/05','RR/MM/DD')
, 2500000, 2
);

INSERT 
  INTO TBL_ADMIN
(
  ADMIN_NO, ADMIN_NAME, ADMIN_ID
, ADMIN_PWD, ADMIN_BIRTH, ADMIN_GENDER
, ADMIN_PHONE, ADMIN_HIRE_DATE, ADMIN_RETIRE_DATE
, ADMIN_RETIRE_YN, ADMIN_JOB, ADMIN_LAST_LOGIN_DATE
, ADMIN_SALARY, ADMIN_USE_ANNUAL_VACATION
)
VALUES
(
  SEQ_TBL_ADMIN.NEXTVAL, '조완', 'cleanup210728'
, '$2a$10$X45Jsk42JefSGVcnYKccweDQ1dz2xRMFTfKMtnOlpB1ZQMMsnhQlK', TO_DATE('96/04/09','RR/MM/DD'), 'M'
, '01087280707', TO_DATE('21/07/28','RR/MM/DD'), NULL
, 'N', '재정담당자', TO_DATE('22/07/04','RR/MM/DD')
, 4300000, 6
);

INSERT 
  INTO TBL_ADMIN
(
  ADMIN_NO, ADMIN_NAME, ADMIN_ID
, ADMIN_PWD, ADMIN_BIRTH, ADMIN_GENDER
, ADMIN_PHONE, ADMIN_HIRE_DATE, ADMIN_RETIRE_DATE
, ADMIN_RETIRE_YN, ADMIN_JOB, ADMIN_LAST_LOGIN_DATE
, ADMIN_SALARY, ADMIN_USE_ANNUAL_VACATION
)
VALUES
(
  SEQ_TBL_ADMIN.NEXTVAL, '이은조', 'cleanup210607'
, '$2a$10$X45Jsk42JefSGVcnYKccweDQ1dz2xRMFTfKMtnOlpB1ZQMMsnhQlK', TO_DATE('95/10/18','RR/MM/DD'), 'F'
, '01023890765', TO_DATE('21/06/07','RR/MM/DD'), TO_DATE('22/07/02','RR/MM/DD')
, 'Y', '보안담당자', TO_DATE('22/07/01','RR/MM/DD')
, 3200000, 7
);

INSERT 
  INTO TBL_ADMIN
(
  ADMIN_NO, ADMIN_NAME, ADMIN_ID
, ADMIN_PWD, ADMIN_BIRTH, ADMIN_GENDER
, ADMIN_PHONE, ADMIN_HIRE_DATE, ADMIN_RETIRE_DATE
, ADMIN_RETIRE_YN, ADMIN_JOB, ADMIN_LAST_LOGIN_DATE
, ADMIN_SALARY, ADMIN_USE_ANNUAL_VACATION
)
VALUES
(
  SEQ_TBL_ADMIN.NEXTVAL, '조아영', 'cleanup220613'
, '$2a$10$X45Jsk42JefSGVcnYKccweDQ1dz2xRMFTfKMtnOlpB1ZQMMsnhQlK', TO_DATE('97/11/13','RR/MM/DD'), 'F'
, '01024538765', TO_DATE('22/06/13','RR/MM/DD'), NULL
, 'N', '보안담당자', TO_DATE('22/07/05','RR/MM/DD')
, 1800000, 0
);


INSERT 
  INTO TBL_ADMIN
(
  ADMIN_NO, ADMIN_NAME, ADMIN_ID
, ADMIN_PWD, ADMIN_BIRTH, ADMIN_GENDER
, ADMIN_PHONE, ADMIN_HIRE_DATE, ADMIN_RETIRE_DATE
, ADMIN_RETIRE_YN, ADMIN_JOB, ADMIN_LAST_LOGIN_DATE
, ADMIN_SALARY, ADMIN_USE_ANNUAL_VACATION
)
VALUES
(
  SEQ_TBL_ADMIN.NEXTVAL, '신순록', 'cleanup210628'
, '$2a$10$X45Jsk42JefSGVcnYKccweDQ1dz2xRMFTfKMtnOlpB1ZQMMsnhQlK', TO_DATE('94/07/06','RR/MM/DD'), 'M'
, '01044444444', TO_DATE('22/06/27','RR/MM/DD'), NULL
, 'N', '일반관리자', TO_DATE('22/07/05','RR/MM/DD')
, 2500000, 2
);

INSERT 
  INTO TBL_ADMIN
(
  ADMIN_NO, ADMIN_NAME, ADMIN_ID
, ADMIN_PWD, ADMIN_BIRTH, ADMIN_GENDER
, ADMIN_PHONE, ADMIN_HIRE_DATE, ADMIN_RETIRE_DATE
, ADMIN_RETIRE_YN, ADMIN_JOB, ADMIN_LAST_LOGIN_DATE
, ADMIN_SALARY, ADMIN_USE_ANNUAL_VACATION
)
VALUES
(
  SEQ_TBL_ADMIN.NEXTVAL, '조완', 'cleanup210729'
, '$2a$10$X45Jsk42JefSGVcnYKccweDQ1dz2xRMFTfKMtnOlpB1ZQMMsnhQlK', TO_DATE('96/04/09','RR/MM/DD'), 'M'
, '01033333333', TO_DATE('21/07/28','RR/MM/DD'), NULL
, 'N', '재정담당자', TO_DATE('22/07/04','RR/MM/DD')
, 4300000, 6
);

INSERT 
  INTO TBL_ADMIN
(
  ADMIN_NO, ADMIN_NAME, ADMIN_ID
, ADMIN_PWD, ADMIN_BIRTH, ADMIN_GENDER
, ADMIN_PHONE, ADMIN_HIRE_DATE, ADMIN_RETIRE_DATE
, ADMIN_RETIRE_YN, ADMIN_JOB, ADMIN_LAST_LOGIN_DATE
, ADMIN_SALARY, ADMIN_USE_ANNUAL_VACATION
)
VALUES
(
  SEQ_TBL_ADMIN.NEXTVAL, '이은조', 'cleanup210608'
, '$2a$10$X45Jsk42JefSGVcnYKccweDQ1dz2xRMFTfKMtnOlpB1ZQMMsnhQlK', TO_DATE('95/10/18','RR/MM/DD'), 'F'
, '01011111111', TO_DATE('21/06/07','RR/MM/DD'), TO_DATE('22/07/02','RR/MM/DD')
, 'Y', '보안담당자', TO_DATE('22/07/01','RR/MM/DD')
, 3200000, 7
);

INSERT 
  INTO TBL_ADMIN
(
  ADMIN_NO, ADMIN_NAME, ADMIN_ID
, ADMIN_PWD, ADMIN_BIRTH, ADMIN_GENDER
, ADMIN_PHONE, ADMIN_HIRE_DATE, ADMIN_RETIRE_DATE
, ADMIN_RETIRE_YN, ADMIN_JOB, ADMIN_LAST_LOGIN_DATE
, ADMIN_SALARY, ADMIN_USE_ANNUAL_VACATION
)
VALUES
(
  SEQ_TBL_ADMIN.NEXTVAL, '조아영', 'cleanup220616'
, '$2a$10$X45Jsk42JefSGVcnYKccweDQ1dz2xRMFTfKMtnOlpB1ZQMMsnhQlK', TO_DATE('97/11/13','RR/MM/DD'), 'F'
, '01022222222', TO_DATE('22/06/13','RR/MM/DD'), NULL
, 'N', '보안담당자', TO_DATE('22/07/05','RR/MM/DD')
, 1800000, 0
);
-- "TBL_RETIRE_EMPLOYEE"; 
INSERT 
  INTO TBL_RETIRE_EMPLOYEE 
  (
   RETIRE_EMPLOYEE_NO, EMPLOYEE_NAME, RETIRE_EMPLOYEE_ID, RETIRE_EMPLOYEE_PWD, RETIRE_EMPLOYEE_BIRTH, 
   RETIRE_EMPLOYEE_GENDER, RETIRE_EMPLOYEE_PHONE, RETIRE_EMPLOYEE_HIRE_DATE, RETIRE_EMPLOYEE_RETIRE_DATE,
   RETIRE_EMPLOYEE_SUM_COUNT, RETIRE_EMPLOYEE_SUM_TIME, RETIRE_EMPLOYEE_EMAIL, RETIRE_EMPLOYEE_RETIRE_YN, EMPLOYEE_LAST_LOGIN_DATE
   ) 
   VALUES 
   (
   SEQ_EMP_RET_NO.NEXTVAL, '일라클', '202201', '$2a$10$X45Jsk42JefSGVcnYKccweDQ1dz2xRMFTfKMtnOlpB1ZQMMsnhQlK', TO_DATE('22/01/01','RR/MM/DD'), 
   'F', '01001111111', TO_DATE('22/01/01','RR/MM/DD'), TO_DATE('22/06/01','RR/MM/DD'),
   1, 15, 'email1', 'Y', TO_DATE('22/06/01','RR/MM/DD')
   );

INSERT 
  INTO TBL_RETIRE_EMPLOYEE 
  (
   RETIRE_EMPLOYEE_NO, EMPLOYEE_NAME, RETIRE_EMPLOYEE_ID, RETIRE_EMPLOYEE_PWD, RETIRE_EMPLOYEE_BIRTH, 
   RETIRE_EMPLOYEE_GENDER, RETIRE_EMPLOYEE_PHONE, RETIRE_EMPLOYEE_HIRE_DATE, RETIRE_EMPLOYEE_RETIRE_DATE,
   RETIRE_EMPLOYEE_SUM_COUNT, RETIRE_EMPLOYEE_SUM_TIME, RETIRE_EMPLOYEE_EMAIL, RETIRE_EMPLOYEE_RETIRE_YN, EMPLOYEE_LAST_LOGIN_DATE
   ) 
   VALUES 
   (
   SEQ_EMP_RET_NO.NEXTVAL, '이라클', '202202', '$2a$10$X45Jsk42JefSGVcnYKccweDQ1dz2xRMFTfKMtnOlpB1ZQMMsnhQlK', TO_DATE('22/01/02','RR/MM/DD'), 
   'F', '01002222222', TO_DATE('22/01/02','RR/MM/DD'), TO_DATE('22/06/02','RR/MM/DD'),
   3, 11, 'email2', 'Y', TO_DATE('22/06/02','RR/MM/DD')
   );

INSERT 
  INTO TBL_RETIRE_EMPLOYEE 
  (
   RETIRE_EMPLOYEE_NO, EMPLOYEE_NAME, RETIRE_EMPLOYEE_ID, RETIRE_EMPLOYEE_PWD, RETIRE_EMPLOYEE_BIRTH, 
   RETIRE_EMPLOYEE_GENDER, RETIRE_EMPLOYEE_PHONE, RETIRE_EMPLOYEE_HIRE_DATE, RETIRE_EMPLOYEE_RETIRE_DATE,
   RETIRE_EMPLOYEE_SUM_COUNT, RETIRE_EMPLOYEE_SUM_TIME, RETIRE_EMPLOYEE_EMAIL, RETIRE_EMPLOYEE_RETIRE_YN, EMPLOYEE_LAST_LOGIN_DATE
   ) 
   VALUES 
   (
   SEQ_EMP_RET_NO.NEXTVAL, '삼라클', '202203', '$2a$10$X45Jsk42JefSGVcnYKccweDQ1dz2xRMFTfKMtnOlpB1ZQMMsnhQlK', TO_DATE('22/01/03','RR/MM/DD'), 
   'F', '01003333333', TO_DATE('22/01/03','RR/MM/DD'), TO_DATE('22/06/03','RR/MM/DD'),
   3, 3,'email3','Y',TO_DATE('22/06/03','RR/MM/DD'))
   ;

INSERT 
  INTO TBL_RETIRE_EMPLOYEE 
  (
   RETIRE_EMPLOYEE_NO, EMPLOYEE_NAME, RETIRE_EMPLOYEE_ID, RETIRE_EMPLOYEE_PWD, RETIRE_EMPLOYEE_BIRTH, 
   RETIRE_EMPLOYEE_GENDER, RETIRE_EMPLOYEE_PHONE, RETIRE_EMPLOYEE_HIRE_DATE, RETIRE_EMPLOYEE_RETIRE_DATE,
   RETIRE_EMPLOYEE_SUM_COUNT, RETIRE_EMPLOYEE_SUM_TIME, RETIRE_EMPLOYEE_EMAIL, RETIRE_EMPLOYEE_RETIRE_YN, EMPLOYEE_LAST_LOGIN_DATE
   ) 
   VALUES 
   (
   SEQ_EMP_RET_NO.NEXTVAL, '사라클', '202204', '$2a$10$X45Jsk42JefSGVcnYKccweDQ1dz2xRMFTfKMtnOlpB1ZQMMsnhQlK', TO_DATE('22/01/04','RR/MM/DD'), 
   'F', '01004444444', TO_DATE('22/01/04','RR/MM/DD'), TO_DATE('22/06/04','RR/MM/DD'),
   2, 2,'email4','Y',TO_DATE('22/06/04','RR/MM/DD'))
   ;

INSERT 
  INTO TBL_RETIRE_EMPLOYEE 
  (
   RETIRE_EMPLOYEE_NO, EMPLOYEE_NAME, RETIRE_EMPLOYEE_ID, RETIRE_EMPLOYEE_PWD, RETIRE_EMPLOYEE_BIRTH, 
   RETIRE_EMPLOYEE_GENDER, RETIRE_EMPLOYEE_PHONE, RETIRE_EMPLOYEE_HIRE_DATE, RETIRE_EMPLOYEE_RETIRE_DATE,
   RETIRE_EMPLOYEE_SUM_COUNT, RETIRE_EMPLOYEE_SUM_TIME, RETIRE_EMPLOYEE_EMAIL, RETIRE_EMPLOYEE_RETIRE_YN, EMPLOYEE_LAST_LOGIN_DATE
   ) 
   VALUES 
   (
   SEQ_EMP_RET_NO.NEXTVAL, '오라클', '202205', '$2a$10$X45Jsk42JefSGVcnYKccweDQ1dz2xRMFTfKMtnOlpB1ZQMMsnhQlK', TO_DATE('22/01/05','RR/MM/DD'), 
   'M', '01005555555', TO_DATE('22/01/05','RR/MM/DD'), TO_DATE('22/06/05','RR/MM/DD'),
   1, 22, 'email5', 'Y', TO_DATE('22/06/05','RR/MM/DD')
   );

INSERT 
  INTO TBL_RETIRE_EMPLOYEE 
  (
   RETIRE_EMPLOYEE_NO, EMPLOYEE_NAME, RETIRE_EMPLOYEE_ID, RETIRE_EMPLOYEE_PWD, RETIRE_EMPLOYEE_BIRTH, 
   RETIRE_EMPLOYEE_GENDER, RETIRE_EMPLOYEE_PHONE, RETIRE_EMPLOYEE_HIRE_DATE, RETIRE_EMPLOYEE_RETIRE_DATE,
   RETIRE_EMPLOYEE_SUM_COUNT, RETIRE_EMPLOYEE_SUM_TIME, RETIRE_EMPLOYEE_EMAIL, RETIRE_EMPLOYEE_RETIRE_YN, EMPLOYEE_LAST_LOGIN_DATE
   ) 
   VALUES 
   (
   SEQ_EMP_RET_NO.NEXTVAL, '육라클', '202206', '$2a$10$X45Jsk42JefSGVcnYKccweDQ1dz2xRMFTfKMtnOlpB1ZQMMsnhQlK', TO_DATE('22/01/06','RR/MM/DD'), 
   'M', '01006666666', TO_DATE('22/01/06','RR/MM/DD'), TO_DATE('22/06/06','RR/MM/DD'),
   5, 14, 'email6', 'Y', TO_DATE('22/06/06','RR/MM/DD')
   );


   INSERT 
     INTO TBL_RETIRE_EMPLOYEE 
     (
     RETIRE_EMPLOYEE_NO, EMPLOYEE_NAME, RETIRE_EMPLOYEE_ID, RETIRE_EMPLOYEE_PWD, RETIRE_EMPLOYEE_BIRTH, 
     RETIRE_EMPLOYEE_GENDER, RETIRE_EMPLOYEE_PHONE, RETIRE_EMPLOYEE_HIRE_DATE, RETIRE_EMPLOYEE_RETIRE_DATE,
     RETIRE_EMPLOYEE_SUM_COUNT, RETIRE_EMPLOYEE_SUM_TIME, RETIRE_EMPLOYEE_EMAIL, RETIRE_EMPLOYEE_RETIRE_YN, EMPLOYEE_LAST_LOGIN_DATE
     ) 
     VALUES 
     (
     SEQ_EMP_RET_NO.NEXTVAL, '칠라클', '202207', '$2a$10$X45Jsk42JefSGVcnYKccweDQ1dz2xRMFTfKMtnOlpB1ZQMMsnhQlK', TO_DATE('22/01/07','RR/MM/DD'), 
     'M', '01007777777', TO_DATE('22/01/07','RR/MM/DD'), TO_DATE('22/06/07','RR/MM/DD'), 2, 55, 'email7', 'Y', TO_DATE('22/06/07','RR/MM/DD')
     );

INSERT 
  INTO TBL_RETIRE_EMPLOYEE 
  (
   RETIRE_EMPLOYEE_NO, EMPLOYEE_NAME, RETIRE_EMPLOYEE_ID, RETIRE_EMPLOYEE_PWD, RETIRE_EMPLOYEE_BIRTH, 
   RETIRE_EMPLOYEE_GENDER, RETIRE_EMPLOYEE_PHONE, RETIRE_EMPLOYEE_HIRE_DATE, RETIRE_EMPLOYEE_RETIRE_DATE,
   RETIRE_EMPLOYEE_SUM_COUNT, RETIRE_EMPLOYEE_SUM_TIME, RETIRE_EMPLOYEE_EMAIL, RETIRE_EMPLOYEE_RETIRE_YN, EMPLOYEE_LAST_LOGIN_DATE
   ) 
   VALUES 
   (
   SEQ_EMP_RET_NO.NEXTVAL, '팔라클', '202208', '$2a$10$X45Jsk42JefSGVcnYKccweDQ1dz2xRMFTfKMtnOlpB1ZQMMsnhQlK', TO_DATE('22/01/08','RR/MM/DD'), 
   'M', '01008888888', TO_DATE('22/01/08','RR/MM/DD'), TO_DATE('22/06/08','RR/MM/DD'),
   1, 63, 'email8', 'Y', TO_DATE('22/06/08','RR/MM/DD')
   );

INSERT 
  INTO TBL_RETIRE_EMPLOYEE 
  (
   RETIRE_EMPLOYEE_NO, EMPLOYEE_NAME, RETIRE_EMPLOYEE_ID, RETIRE_EMPLOYEE_PWD, RETIRE_EMPLOYEE_BIRTH, 
   RETIRE_EMPLOYEE_GENDER, RETIRE_EMPLOYEE_PHONE, RETIRE_EMPLOYEE_HIRE_DATE, RETIRE_EMPLOYEE_RETIRE_DATE,
   RETIRE_EMPLOYEE_SUM_COUNT, RETIRE_EMPLOYEE_SUM_TIME, RETIRE_EMPLOYEE_EMAIL, RETIRE_EMPLOYEE_RETIRE_YN, EMPLOYEE_LAST_LOGIN_DATE
   ) 
   VALUES 
   (
   SEQ_EMP_RET_NO.NEXTVAL, '구라클', '202209', '$2a$10$X45Jsk42JefSGVcnYKccweDQ1dz2xRMFTfKMtnOlpB1ZQMMsnhQlK', TO_DATE('22/01/09','RR/MM/DD'), 
   'F', '01009999999', TO_DATE('22/01/09','RR/MM/DD'), TO_DATE('22/06/09','RR/MM/DD'),
   3, 41, 'email9', 'Y', TO_DATE('22/06/09','RR/MM/DD')
   );

INSERT 
  INTO TBL_RETIRE_EMPLOYEE 
  (
  RETIRE_EMPLOYEE_NO, EMPLOYEE_NAME, RETIRE_EMPLOYEE_ID, RETIRE_EMPLOYEE_PWD,RETIRE_EMPLOYEE_BIRTH,
  RETIRE_EMPLOYEE_GENDER, RETIRE_EMPLOYEE_PHONE, RETIRE_EMPLOYEE_HIRE_DATE, RETIRE_EMPLOYEE_RETIRE_DATE, 
  RETIRE_EMPLOYEE_SUM_COUNT, RETIRE_EMPLOYEE_SUM_TIME, RETIRE_EMPLOYEE_EMAIL, RETIRE_EMPLOYEE_RETIRE_YN, EMPLOYEE_LAST_LOGIN_DATE
  )
  VALUES 
  (
  SEQ_EMP_RET_NO.NEXTVAL, '십라클', '202210', '$2a$10$X45Jsk42JefSGVcnYKccweDQ1dz2xRMFTfKMtnOlpB1ZQMMsnhQlK', TO_DATE('22/01/10','RR/MM/DD'), 
  'M', '01010000000', TO_DATE('22/01/10','RR/MM/DD'), TO_DATE('22/06/10','RR/MM/DD'),
  0, 29, 'email10', 'Y', TO_DATE('22/06/10','RR/MM/DD')
  );
-- "TBL_RETIRE_ADMIN";

Insert 
  into TBL_RETIRE_ADMIN 
  (RETIRE_ADMIN_NO,
  RETIRE_ADMIN_NAME,
  RETIRE_ADMIN_ID,
  RETIRE_ADMIN_PWD,
  RETIRE_ADMIN_BIRTH,
  RETIRE_ADMIN_GENDER,
  RETIRE_ADMIN_PHONE,
  RETIRE_ADMIN_HIRE_DATE,
  RETIRE_ADMIN_RETIRE_DATE,
  RETIRE_ADMIN_RETIRE_YN,
  RETIRE_ADMIN_JOB,
  RETIRE_ADMIN_LAST_LOGIN_DATE,
  RETIRE_ADMIN_SALARY,RETIRE_ANNUAL_VACATION_USE) 
values 
( SEQ_TBL_RETIRE_ADMIN.NEXTVAL,'이은조','cleanup210608','$2a$10$X45Jsk42JefSGVcnYKccweDQ1dz2xRMFTfKMtnOlpB1ZQMMsnhQlK'
 ,to_date('95/10/18','RR/MM/DD'),'F','01023890765',to_date('21/06/07','RR/MM/DD')
 ,to_date('22/07/02','RR/MM/DD'),'Y','보안담당자',to_date('22/07/01','RR/MM/DD'),3200000,7);

Insert 
  into TBL_RETIRE_ADMIN 
( RETIRE_ADMIN_NO,RETIRE_ADMIN_NAME,RETIRE_ADMIN_ID,RETIRE_ADMIN_PWD,RETIRE_ADMIN_BIRTH,RETIRE_ADMIN_GENDER
, RETIRE_ADMIN_PHONE,RETIRE_ADMIN_HIRE_DATE,RETIRE_ADMIN_RETIRE_DATE,RETIRE_ADMIN_RETIRE_YN,RETIRE_ADMIN_JOB
, RETIRE_ADMIN_LAST_LOGIN_DATE,RETIRE_ADMIN_SALARY,RETIRE_ANNUAL_VACATION_USE) 
values 
( SEQ_TBL_RETIRE_ADMIN.NEXTVAL,'이유미','cleanup200304','$2a$10$X45Jsk42JefSGVcnYKccweDQ1dz2xRMFTfKMtnOlpB1ZQMMsnhQlK'
, to_date('92/08/06','RR/MM/DD'),'F','01011111111',to_date('20/03/04','RR/MM/DD'),to_date('22/07/03','RR/MM/DD'),'Y'
, '인사관리자',to_date('22/07/03','RR/MM/DD'),3400000,5);

Insert 
  into TBL_RETIRE_ADMIN 
( RETIRE_ADMIN_NO,RETIRE_ADMIN_NAME,RETIRE_ADMIN_ID,RETIRE_ADMIN_PWD,RETIRE_ADMIN_BIRTH,RETIRE_ADMIN_GENDER
, RETIRE_ADMIN_PHONE,RETIRE_ADMIN_HIRE_DATE,RETIRE_ADMIN_RETIRE_DATE,RETIRE_ADMIN_RETIRE_YN,RETIRE_ADMIN_JOB
, RETIRE_ADMIN_LAST_LOGIN_DATE,RETIRE_ADMIN_SALARY,RETIRE_ANNUAL_VACATION_USE) 
values 
(SEQ_TBL_RETIRE_ADMIN.NEXTVAL,'조은솔','cleanup200305','$2a$10$X45Jsk42JefSGVcnYKccweDQ1dz2xRMFTfKMtnOlpB1ZQMMsnhQlK'
,to_date('92/08/06','RR/MM/DD'),'F','01022222222',to_date('20/03/05','RR/MM/DD'),to_date('22/07/03','RR/MM/DD')
,'Y','일반관리자',to_date('22/07/03','RR/MM/DD'),3400000,2);

Insert 
  into TBL_RETIRE_ADMIN (RETIRE_ADMIN_NO,RETIRE_ADMIN_NAME,RETIRE_ADMIN_ID,RETIRE_ADMIN_PWD
  ,RETIRE_ADMIN_BIRTH,RETIRE_ADMIN_GENDER,RETIRE_ADMIN_PHONE,RETIRE_ADMIN_HIRE_DATE,RETIRE_ADMIN_RETIRE_DATE
  ,RETIRE_ADMIN_RETIRE_YN,RETIRE_ADMIN_JOB,RETIRE_ADMIN_LAST_LOGIN_DATE,RETIRE_ADMIN_SALARY,RETIRE_ANNUAL_VACATION_USE) 
values 
 (SEQ_TBL_RETIRE_ADMIN.NEXTVAL,'구웅','cleanup210609','$2a$10$X45Jsk42JefSGVcnYKccweDQ1dz2xRMFTfKMtnOlpB1ZQMMsnhQlK',
  to_date('92/08/06','RR/MM/DD'),'M','01033333333',to_date('21/06/08','RR/MM/DD'),to_date('22/07/02','RR/MM/DD'),'Y',
  '보안담당자',to_date('22/07/01','RR/MM/DD'),3200000,7);
  
Insert into TBL_RETIRE_ADMIN (RETIRE_ADMIN_NO,RETIRE_ADMIN_NAME,RETIRE_ADMIN_ID,RETIRE_ADMIN_PWD,RETIRE_ADMIN_BIRTH,RETIRE_ADMIN_GENDER,
RETIRE_ADMIN_PHONE,RETIRE_ADMIN_HIRE_DATE,RETIRE_ADMIN_RETIRE_DATE,RETIRE_ADMIN_RETIRE_YN,RETIRE_ADMIN_JOB,RETIRE_ADMIN_LAST_LOGIN_DATE,
RETIRE_ADMIN_SALARY,RETIRE_ANNUAL_VACATION_USE) 
values 
(SEQ_TBL_RETIRE_ADMIN.NEXTVAL,'조이','cleanup200309','$2a$10$X45Jsk42JefSGVcnYKccweDQ1dz2xRMFTfKMtnOlpB1ZQMMsnhQlK'
,to_date('92/08/06','RR/MM/DD'),'F','01044444444',to_date('20/03/04','RR/MM/DD'),to_date('22/07/03','RR/MM/DD'),
'Y','인사관리자',to_date('22/07/03','RR/MM/DD'),3400000,5);

-- "TBL_SUPPLEMENT_SERVICE";

INSERT INTO TBL_SUPPLEMENT_SERVICE
(
SERVICE_RESERVATION_NO, GASHOOD_CLEAN_YN, MOLD_CLEAN_YN, FILTER_CLEAN_YN, WAREHOUSE_CLEAN_YN
, PET_YN, MULTIPLE_LAYER_YN
)
VALUES
(
1, 'N', 'N', 'N', 'N'
, 'N', 'Y'
);
INSERT INTO TBL_SUPPLEMENT_SERVICE
(
SERVICE_RESERVATION_NO, GASHOOD_CLEAN_YN, MOLD_CLEAN_YN, FILTER_CLEAN_YN, WAREHOUSE_CLEAN_YN
, PET_YN, MULTIPLE_LAYER_YN
)
VALUES
(
2, 'N', 'N', 'N', 'N'
, 'N', 'N'
);
INSERT INTO TBL_SUPPLEMENT_SERVICE
(
SERVICE_RESERVATION_NO, GASHOOD_CLEAN_YN, MOLD_CLEAN_YN, FILTER_CLEAN_YN, WAREHOUSE_CLEAN_YN
, PET_YN, MULTIPLE_LAYER_YN
)
VALUES
(
3, 'N', 'N', 'Y', 'Y'
, 'Y', 'N'
);
INSERT INTO TBL_SUPPLEMENT_SERVICE
(
SERVICE_RESERVATION_NO, GASHOOD_CLEAN_YN, MOLD_CLEAN_YN, FILTER_CLEAN_YN, WAREHOUSE_CLEAN_YN
, PET_YN, MULTIPLE_LAYER_YN
)
VALUES
(
4, 'N', 'N', 'N', 'N'
, 'N', 'N'
);
INSERT INTO TBL_SUPPLEMENT_SERVICE
(
SERVICE_RESERVATION_NO, GASHOOD_CLEAN_YN, MOLD_CLEAN_YN, FILTER_CLEAN_YN, WAREHOUSE_CLEAN_YN
, PET_YN, MULTIPLE_LAYER_YN
)
VALUES
(
5, 'Y', 'N', 'N', 'N'
, 'N', 'N'
);
INSERT INTO TBL_SUPPLEMENT_SERVICE
(
SERVICE_RESERVATION_NO, GASHOOD_CLEAN_YN, MOLD_CLEAN_YN, FILTER_CLEAN_YN, WAREHOUSE_CLEAN_YN
, PET_YN, MULTIPLE_LAYER_YN
)
VALUES
(
6, 'N', 'N', 'N', 'N'
, 'N', 'N'
);
INSERT INTO TBL_SUPPLEMENT_SERVICE
(
SERVICE_RESERVATION_NO, GASHOOD_CLEAN_YN, MOLD_CLEAN_YN, FILTER_CLEAN_YN, WAREHOUSE_CLEAN_YN
, PET_YN, MULTIPLE_LAYER_YN
)
VALUES
(
7, 'N', 'N', 'N', 'N'
, 'N', 'Y'
);
INSERT INTO TBL_SUPPLEMENT_SERVICE
(
SERVICE_RESERVATION_NO, GASHOOD_CLEAN_YN, MOLD_CLEAN_YN, FILTER_CLEAN_YN, WAREHOUSE_CLEAN_YN
, PET_YN, MULTIPLE_LAYER_YN
)
VALUES
(
8, 'N', 'N', 'N', 'N'
, 'N', 'N'
);
INSERT INTO TBL_SUPPLEMENT_SERVICE
(
SERVICE_RESERVATION_NO, GASHOOD_CLEAN_YN, MOLD_CLEAN_YN, FILTER_CLEAN_YN, WAREHOUSE_CLEAN_YN
, PET_YN, MULTIPLE_LAYER_YN
)
VALUES
(
9, 'N', 'N', 'Y', 'Y'
, 'Y', 'N'
);
INSERT INTO TBL_SUPPLEMENT_SERVICE
(
SERVICE_RESERVATION_NO, GASHOOD_CLEAN_YN, MOLD_CLEAN_YN, FILTER_CLEAN_YN, WAREHOUSE_CLEAN_YN
, PET_YN, MULTIPLE_LAYER_YN
)
VALUES
(
10, 'N', 'N', 'N', 'N'
, 'N', 'N'
);
INSERT INTO TBL_SUPPLEMENT_SERVICE
(
SERVICE_RESERVATION_NO, GASHOOD_CLEAN_YN, MOLD_CLEAN_YN, FILTER_CLEAN_YN, WAREHOUSE_CLEAN_YN
, PET_YN, MULTIPLE_LAYER_YN
)
VALUES
(
11, 'Y', 'N', 'N', 'N'
, 'N', 'N'
);
INSERT INTO TBL_SUPPLEMENT_SERVICE
(
SERVICE_RESERVATION_NO, GASHOOD_CLEAN_YN, MOLD_CLEAN_YN, FILTER_CLEAN_YN, WAREHOUSE_CLEAN_YN
, PET_YN, MULTIPLE_LAYER_YN
)
VALUES
(
12, 'N', 'N', 'N', 'N'
, 'N', 'N'
);

-- "TBL_ADMIN_PAY"; 
INSERT INTO TBL_ADMIN_PAY
( 
  PAY_HISTORY_ADMIN_NO, PAY_ADMIN_NO, PAY_ADMIN_DATE
)
VALUES
(
  SEQ_TBL_ADMIN_PAY.NEXTVAL, 1, TO_DATE('22-06-01', 'YY-MM-DD')
);

INSERT INTO TBL_ADMIN_PAY
( 
  PAY_HISTORY_ADMIN_NO, PAY_ADMIN_NO, PAY_ADMIN_DATE
)
VALUES
(
  SEQ_TBL_ADMIN_PAY.NEXTVAL, 2, TO_DATE('22-06-01', 'YY-MM-DD')
);

INSERT INTO TBL_ADMIN_PAY
( 
  PAY_HISTORY_ADMIN_NO, PAY_ADMIN_NO, PAY_ADMIN_DATE
)
VALUES
(
  SEQ_TBL_ADMIN_PAY.NEXTVAL, 3, TO_DATE('22-06-01', 'YY-MM-DD')
);

INSERT INTO TBL_ADMIN_PAY
( 
  PAY_HISTORY_ADMIN_NO, PAY_ADMIN_NO, PAY_ADMIN_DATE
)
VALUES
(
  SEQ_TBL_ADMIN_PAY.NEXTVAL, 4, TO_DATE('22-06-01', 'YY-MM-DD')
);

INSERT INTO TBL_ADMIN_PAY
( 
  PAY_HISTORY_ADMIN_NO, PAY_ADMIN_NO, PAY_ADMIN_DATE
)
VALUES
(
  SEQ_TBL_ADMIN_PAY.NEXTVAL, 5, TO_DATE('22-06-01', 'YY-MM-DD')
);

INSERT INTO TBL_ADMIN_PAY
( 
  PAY_HISTORY_ADMIN_NO, PAY_ADMIN_NO, PAY_ADMIN_DATE
)
VALUES
(
  SEQ_TBL_ADMIN_PAY.NEXTVAL, 6, TO_DATE('22-06-01', 'YY-MM-DD')
);

INSERT INTO TBL_ADMIN_PAY
( 
  PAY_HISTORY_ADMIN_NO, PAY_ADMIN_NO, PAY_ADMIN_DATE
)
VALUES
(
  SEQ_TBL_ADMIN_PAY.NEXTVAL, 7, TO_DATE('22-06-01', 'YY-MM-DD')
);

INSERT INTO TBL_ADMIN_PAY
( 
  PAY_HISTORY_ADMIN_NO, PAY_ADMIN_NO, PAY_ADMIN_DATE
)
VALUES
(
  SEQ_TBL_ADMIN_PAY.NEXTVAL, 1, TO_DATE('22-07-01', 'YY-MM-DD')
);

INSERT INTO TBL_ADMIN_PAY
( 
  PAY_HISTORY_ADMIN_NO, PAY_ADMIN_NO, PAY_ADMIN_DATE
)
VALUES
(
  SEQ_TBL_ADMIN_PAY.NEXTVAL, 2, TO_DATE('22-07-01', 'YY-MM-DD')
);

INSERT INTO TBL_ADMIN_PAY
( 
  PAY_HISTORY_ADMIN_NO, PAY_ADMIN_NO, PAY_ADMIN_DATE
)
VALUES
(
  SEQ_TBL_ADMIN_PAY.NEXTVAL, 3, TO_DATE('22-07-01', 'YY-MM-DD')
);

INSERT INTO TBL_ADMIN_PAY
( 
  PAY_HISTORY_ADMIN_NO, PAY_ADMIN_NO, PAY_ADMIN_DATE
)
VALUES
(
  SEQ_TBL_ADMIN_PAY.NEXTVAL, 4, TO_DATE('22-07-01', 'YY-MM-DD')
);

INSERT INTO TBL_ADMIN_PAY
( 
  PAY_HISTORY_ADMIN_NO, PAY_ADMIN_NO, PAY_ADMIN_DATE
)
VALUES
(
  SEQ_TBL_ADMIN_PAY.NEXTVAL, 5, TO_DATE('22-07-01', 'YY-MM-DD')
);

INSERT INTO TBL_ADMIN_PAY
( 
  PAY_HISTORY_ADMIN_NO, PAY_ADMIN_NO, PAY_ADMIN_DATE
)
VALUES
(
  SEQ_TBL_ADMIN_PAY.NEXTVAL, 6, TO_DATE('22-07-01', 'YY-MM-DD')
);

INSERT INTO TBL_ADMIN_PAY
( 
  PAY_HISTORY_ADMIN_NO, PAY_ADMIN_NO, PAY_ADMIN_DATE
)
VALUES
(
  SEQ_TBL_ADMIN_PAY.NEXTVAL, 7, TO_DATE('22-07-01', 'YY-MM-DD')
);

-- "TBL_EMPLOYEE_ADDRESS"; 

INSERT
  INTO TBL_EMPLOYEE_ADDRESS
(
  EMPLOYEE_NO, EMPLOYEE_ADDRESS_NO, EMPLOYEE_ADDRESS, EMPLOYEE_DETAIL_ADDRESS
)
VALUES
(
  1, 12113, '경기도 남양주시 별내중앙로 36-23', '백상엘리츠오피스텔1차 101동 204호'
);

INSERT
  INTO TBL_EMPLOYEE_ADDRESS
(
  EMPLOYEE_NO, EMPLOYEE_ADDRESS_NO, EMPLOYEE_ADDRESS, EMPLOYEE_DETAIL_ADDRESS
)
VALUES
(
  2, 17056, '경기도 용인시 처인구 명지로40번길 35-16', '역북지웰푸르지오아파트 207동 1301호'
);

INSERT
  INTO TBL_EMPLOYEE_ADDRESS
(
  EMPLOYEE_NO, EMPLOYEE_ADDRESS_NO, EMPLOYEE_ADDRESS, EMPLOYEE_DETAIL_ADDRESS
)
VALUES
(
  3, 04587, '서울시 중구 청구로 64', '청구e편한세상아파트 301동 1201호'
);

INSERT
  INTO TBL_EMPLOYEE_ADDRESS
(
  EMPLOYEE_NO, EMPLOYEE_ADDRESS_NO, EMPLOYEE_ADDRESS, EMPLOYEE_DETAIL_ADDRESS
)
VALUES
(
  4, 05698, '서울시 송파구 송파대로 345 헬리오시티', '102동 301호'
);

INSERT
  INTO TBL_EMPLOYEE_ADDRESS
(
  EMPLOYEE_NO, EMPLOYEE_ADDRESS_NO, EMPLOYEE_ADDRESS, EMPLOYEE_DETAIL_ADDRESS
)
VALUES
(
  5, 10335, '경기도 고양시 일산동구 하늘마을로 76', '센트럴더포레아파트 304동 804호'
);

INSERT
  INTO TBL_EMPLOYEE_ADDRESS
(
  EMPLOYEE_NO, EMPLOYEE_ADDRESS_NO, EMPLOYEE_ADDRESS, EMPLOYEE_DETAIL_ADDRESS
)
VALUES
(
  6, 18429, '경기도 화성시 동탄공원로 21-12', '푸른마을포스코더샵아파트 1101동 2304호'
);

INSERT
  INTO TBL_EMPLOYEE_ADDRESS
(
  EMPLOYEE_NO, EMPLOYEE_ADDRESS_NO, EMPLOYEE_ADDRESS, EMPLOYEE_DETAIL_ADDRESS
)
VALUES
(
  7, 12559, '경기도 양평군 양평읍 중앙로167번길 60', '벽산블루밍1단지아파트 101동 506호'
);

INSERT
  INTO TBL_EMPLOYEE_ADDRESS
(
  EMPLOYEE_NO, EMPLOYEE_ADDRESS_NO, EMPLOYEE_ADDRESS, EMPLOYEE_DETAIL_ADDRESS
)
VALUES
(
  8, 16543, '경기도 수원시 영통구 효원로 363', '매탄위브하늘채아파트 201호 1502호'
);

INSERT
  INTO TBL_EMPLOYEE_ADDRESS
(
  EMPLOYEE_NO, EMPLOYEE_ADDRESS_NO, EMPLOYEE_ADDRESS, EMPLOYEE_DETAIL_ADDRESS
)
VALUES
(
  9, 15596, '경기도 안산시 상록구 해양4로 31', '그랑시티자이1차 1001동 1004호'
);

INSERT
  INTO TBL_EMPLOYEE_ADDRESS
(
  EMPLOYEE_NO, EMPLOYEE_ADDRESS_NO, EMPLOYEE_ADDRESS, EMPLOYEE_DETAIL_ADDRESS
)
VALUES
(
  10, 12454, '경기도 가평군 청평면 강변나루로 54', '삼성쉐르빌아파트 601동 302호'
);

INSERT
  INTO TBL_EMPLOYEE_ADDRESS
(
  EMPLOYEE_NO, EMPLOYEE_ADDRESS_NO, EMPLOYEE_ADDRESS, EMPLOYEE_DETAIL_ADDRESS
)
VALUES
(
  11, 03936, '서울시 마포구 월드컵북로 235', '성산시영아파트 202동 507호'
);

INSERT
  INTO TBL_EMPLOYEE_ADDRESS
(
  EMPLOYEE_NO, EMPLOYEE_ADDRESS_NO, EMPLOYEE_ADDRESS, EMPLOYEE_DETAIL_ADDRESS
)
VALUES
(
  12, 02878, '서울시 성북구 성북로31길 40-12', '성북아파트 302동 1601호'
);

INSERT
  INTO TBL_EMPLOYEE_ADDRESS
(
  EMPLOYEE_NO, EMPLOYEE_ADDRESS_NO, EMPLOYEE_ADDRESS, EMPLOYEE_DETAIL_ADDRESS
)
VALUES
(
  13, 01883, '서울시 노원구 월계로45길 21', '롯데캐슬루나아파트 402동 2102호'
);

INSERT
  INTO TBL_EMPLOYEE_ADDRESS
(
  EMPLOYEE_NO, EMPLOYEE_ADDRESS_NO, EMPLOYEE_ADDRESS, EMPLOYEE_DETAIL_ADDRESS
)
VALUES
(
  14, 02553, '서울시 동대문구 사가정로 65', '래미안크레시티 601동 301호'
);

INSERT
  INTO TBL_EMPLOYEE_ADDRESS
(
  EMPLOYEE_NO, EMPLOYEE_ADDRESS_NO, EMPLOYEE_ADDRESS, EMPLOYEE_DETAIL_ADDRESS
)
VALUES
(
  15, 18113, '경기도 오산시 내삼미로 142', '오산세교호반베르디움 602동 1101호'
);

INSERT
  INTO TBL_EMPLOYEE_ADDRESS
(
  EMPLOYEE_NO, EMPLOYEE_ADDRESS_NO, EMPLOYEE_ADDRESS, EMPLOYEE_DETAIL_ADDRESS
)
VALUES
(
  16, 12210, '경기도 남양주시 와부읍 덕소로97번길 101', '동부센트레빌아파트 204동 2001호'
);

INSERT
  INTO TBL_EMPLOYEE_ADDRESS
(
  EMPLOYEE_NO, EMPLOYEE_ADDRESS_NO, EMPLOYEE_ADDRESS, EMPLOYEE_DETAIL_ADDRESS
)
VALUES
(
  17, 12213, '경기도 남양주시 와부읍 월문천로 95', '덕소아이파크 508동 601호'
);

INSERT
  INTO TBL_EMPLOYEE_ADDRESS
(
  EMPLOYEE_NO, EMPLOYEE_ADDRESS_NO, EMPLOYEE_ADDRESS, EMPLOYEE_DETAIL_ADDRESS
)
VALUES
(
  18, 12111, '경기도 남양주시 별내중앙로 83', '동익미라벨38단지아파트 102동 1006호'
);

INSERT
  INTO TBL_EMPLOYEE_ADDRESS
(
  EMPLOYEE_NO, EMPLOYEE_ADDRESS_NO, EMPLOYEE_ADDRESS, EMPLOYEE_DETAIL_ADDRESS
)
VALUES
(
  19, 02085, '서울시 중랑구 신내로7길 20', '건영2차아파트 401동 1602호'
);

INSERT
  INTO TBL_EMPLOYEE_ADDRESS
(
  EMPLOYEE_NO, EMPLOYEE_ADDRESS_NO, EMPLOYEE_ADDRESS, EMPLOYEE_DETAIL_ADDRESS
)
VALUES
(
  20, 04773, '서울시 성동구 왕십리로 16', '서울숲트리마제 101동 102호'
);

-- "TBL_EMPLOYEE_EMAIL";

INSERT
  INTO TBL_EMPLOYEE_EMAIL
(
  EMPLOYEE_NO, EMPLOYEE_EMAIL, EMPLOYEE_DOMAIN
)
VALUES
(
  1, 'il_rc@gmail.com', 'gmail.com'
);

INSERT
  INTO TBL_EMPLOYEE_EMAIL
(
  EMPLOYEE_NO, EMPLOYEE_EMAIL, EMPLOYEE_DOMAIN
)
VALUES
(
  2, 'lee_rc@gmail.com', 'gmail.com'
);

INSERT
  INTO TBL_EMPLOYEE_EMAIL
(
  EMPLOYEE_NO, EMPLOYEE_EMAIL, EMPLOYEE_DOMAIN
)
VALUES
(
  3, 'sam_rc@gmail.com', 'gmail.com'
);

INSERT
  INTO TBL_EMPLOYEE_EMAIL
(
  EMPLOYEE_NO, EMPLOYEE_EMAIL, EMPLOYEE_DOMAIN
)
VALUES
(
  4, 'sa_rc@gmail.com', 'gmail.com'
);

INSERT
  INTO TBL_EMPLOYEE_EMAIL
(
  EMPLOYEE_NO, EMPLOYEE_EMAIL, EMPLOYEE_DOMAIN
)
VALUES
(
  5, 'oh_rc@gmail.com', 'gmail.com'
);

INSERT
  INTO TBL_EMPLOYEE_EMAIL
(
  EMPLOYEE_NO, EMPLOYEE_EMAIL, EMPLOYEE_DOMAIN
)
VALUES
(
  6, 'yuk_rc@gmail.com', 'gmail.com'
);

INSERT
  INTO TBL_EMPLOYEE_EMAIL
(
  EMPLOYEE_NO, EMPLOYEE_EMAIL, EMPLOYEE_DOMAIN
)
VALUES
(
  7, 'chil_rc@gmail.com', 'gmail.com'
);

INSERT
  INTO TBL_EMPLOYEE_EMAIL
(
  EMPLOYEE_NO, EMPLOYEE_EMAIL, EMPLOYEE_DOMAIN
)
VALUES
(
  8, 'pal_rc@gmail.com', 'gmail.com'
);

INSERT
  INTO TBL_EMPLOYEE_EMAIL
(
  EMPLOYEE_NO, EMPLOYEE_EMAIL, EMPLOYEE_DOMAIN
)
VALUES
(
  9, 'gu_rc@gmail.com', 'gmail.com'
);

INSERT
  INTO TBL_EMPLOYEE_EMAIL
(
  EMPLOYEE_NO, EMPLOYEE_EMAIL, EMPLOYEE_DOMAIN
)
VALUES
(
  10, 'sip_rc@gmail.com', 'gmail.com'
);

INSERT
  INTO TBL_EMPLOYEE_EMAIL
(
  EMPLOYEE_NO, EMPLOYEE_EMAIL, EMPLOYEE_DOMAIN
)
VALUES
(
  11, 'yu_hj@gmail.com', 'gmail.com'
);

INSERT
  INTO TBL_EMPLOYEE_EMAIL
(
  EMPLOYEE_NO, EMPLOYEE_EMAIL, EMPLOYEE_DOMAIN
)
VALUES
(
  12, 'yeon_hj@gmail.com', 'gmail.com'
);

INSERT
  INTO TBL_EMPLOYEE_EMAIL
(
  EMPLOYEE_NO, EMPLOYEE_EMAIL, EMPLOYEE_DOMAIN
)
VALUES
(
  13, 'lee_dy@gmail.com', 'gmail.com'
);

INSERT
  INTO TBL_EMPLOYEE_EMAIL
(
  EMPLOYEE_NO, EMPLOYEE_EMAIL, EMPLOYEE_DOMAIN
)
VALUES
(
  14, 'lee_sw@gmail.com', 'gmail.com'
);

INSERT
  INTO TBL_EMPLOYEE_EMAIL
(
  EMPLOYEE_NO, EMPLOYEE_EMAIL, EMPLOYEE_DOMAIN
)
VALUES
(
  15, 'na_cs@gmail.com', 'gmail.com'
);

INSERT
  INTO TBL_EMPLOYEE_EMAIL
(
  EMPLOYEE_NO, EMPLOYEE_EMAIL, EMPLOYEE_DOMAIN
)
VALUES
(
  16, 'seo_br@gmail.com', 'gmail.com'
);

INSERT
  INTO TBL_EMPLOYEE_EMAIL
(
  EMPLOYEE_NO, EMPLOYEE_EMAIL, EMPLOYEE_DOMAIN
)
VALUES
(
  17, 'lee_hj@gmail.com', 'gmail.com'
);

INSERT
  INTO TBL_EMPLOYEE_EMAIL
(
  EMPLOYEE_NO, EMPLOYEE_EMAIL, EMPLOYEE_DOMAIN
)
VALUES
(
  18, 'kim_hj@gmail.com', 'gmail.com'
);

INSERT
  INTO TBL_EMPLOYEE_EMAIL
(
  EMPLOYEE_NO, EMPLOYEE_EMAIL, EMPLOYEE_DOMAIN
)
VALUES
(
  19, 'park_hj@gmail.com', 'gmail.com'
);

INSERT
  INTO TBL_EMPLOYEE_EMAIL
(
  EMPLOYEE_NO, EMPLOYEE_EMAIL, EMPLOYEE_DOMAIN
)
VALUES
(
  20, 'choi_hj@gmail.com', 'gmail.com'
);


-- "TBL_ADMIN_ADDRESS";

INSERT
  INTO TBL_ADMIN_ADDRESS
(
  ADMIN_NO, ADMIN_ADDRESS_NO, ADMIN_ADDRESS, ADMIN_DETAIL_ADDRESS
)
VALUES
(
  1, 27348, '충청북도 충주시 번영대로 120', '연수세원아파트 102동 906호'
);

INSERT
  INTO TBL_ADMIN_ADDRESS
(
  ADMIN_NO, ADMIN_ADDRESS_NO, ADMIN_ADDRESS, ADMIN_DETAIL_ADDRESS
)
VALUES
(
  2, 24322, '강원도 춘천시 후석로186번길 9', '석사진흥아파트 202동 1101호'
);

INSERT
  INTO TBL_ADMIN_ADDRESS
(
  ADMIN_NO, ADMIN_ADDRESS_NO, ADMIN_ADDRESS, ADMIN_DETAIL_ADDRESS
)
VALUES
(
  3, 11908, '경기도 구리시 동구릉로238번길 20', '한진그랑빌아파트 101동 102호'
);

INSERT
  INTO TBL_ADMIN_ADDRESS
(
  ADMIN_NO, ADMIN_ADDRESS_NO, ADMIN_ADDRESS, ADMIN_DETAIL_ADDRESS
)
VALUES
(
  4, 12251, '경기도 남양주시 도농로 34 부영그린타운', '502동 604호'
);

INSERT
  INTO TBL_ADMIN_ADDRESS
(
  ADMIN_NO, ADMIN_ADDRESS_NO, ADMIN_ADDRESS, ADMIN_DETAIL_ADDRESS
)
VALUES
(
  5, 12102, '경기도 남양주시 별내5로 81', '별내스위첸아파트 602동 1402호'
);

INSERT
  INTO TBL_ADMIN_ADDRESS
(
  ADMIN_NO, ADMIN_ADDRESS_NO, ADMIN_ADDRESS, ADMIN_DETAIL_ADDRESS
)
VALUES
(
  6, 11172, '경기도 포천시 소흘읍 태봉로 153', '태봉마을주공3단지아파트 301동 501호'
);

INSERT
  INTO TBL_ADMIN_ADDRESS
(
  ADMIN_NO, ADMIN_ADDRESS_NO, ADMIN_ADDRESS, ADMIN_DETAIL_ADDRESS
)
VALUES
(
  7, 07000, '서울시 동작구 사당로27길 130', '이수역리가아파트 506동 1102호'
);

INSERT
  INTO TBL_ADMIN_ADDRESS
(
  ADMIN_NO, ADMIN_ADDRESS_NO, ADMIN_ADDRESS, ADMIN_DETAIL_ADDRESS
)
VALUES
(
  8, 04343, '서울시 용산구 녹사평대로 254', '남산대림아파트 402동 602호'
);

INSERT
  INTO TBL_ADMIN_ADDRESS
(
  ADMIN_NO, ADMIN_ADDRESS_NO, ADMIN_ADDRESS, ADMIN_DETAIL_ADDRESS
)
VALUES
(
  9, 13839, '경기도 과천시 별양로 11', '과천위버필드아파트 101동 2301호'
);

INSERT
  INTO TBL_ADMIN_ADDRESS
(
  ADMIN_NO, ADMIN_ADDRESS_NO, ADMIN_ADDRESS, ADMIN_DETAIL_ADDRESS
)
VALUES
(
  10, 12584, '경기도 양평군 양서면 목왕로 25', '에델바움아파트 303동 502호'
);

INSERT
  INTO TBL_ADMIN_ADDRESS
(
  ADMIN_NO, ADMIN_ADDRESS_NO, ADMIN_ADDRESS, ADMIN_DETAIL_ADDRESS
)
VALUES
(
  11, 14700, '경기도 부천시 소삼로 62', '소사SK뷰아파트 501동 1402호'
);

-- "TBL_ADMIN_EMAIL";

INSERT
  INTO TBL_ADMIN_EMAIL
(
  ADMIN_NO, ADMIN_EMAIL, ADMIN_DOMAIN
)
VALUES
(
  1, 'leed_sw@gmail.com', 'gmail.com'
);

INSERT
  INTO TBL_ADMIN_EMAIL
(
  ADMIN_NO, ADMIN_EMAIL, ADMIN_DOMAIN
)
VALUES
(
  2, 'seol_br@gmail.com', 'gmail.com'
);

INSERT
  INTO TBL_ADMIN_EMAIL
(
  ADMIN_NO, ADMIN_EMAIL, ADMIN_DOMAIN
)
VALUES
(
  3, 'lee_ym@gmail.com', 'gmail.com'
);

INSERT
  INTO TBL_ADMIN_EMAIL
(
  ADMIN_NO, ADMIN_EMAIL, ADMIN_DOMAIN
)
VALUES
(
  4, 'shin_sl@gmail.com', 'gmail.com'
);

INSERT
  INTO TBL_ADMIN_EMAIL
(
  ADMIN_NO, ADMIN_EMAIL, ADMIN_DOMAIN
)
VALUES
(
  5, 'jo_w@gmail.com', 'gmail.com'
);

INSERT
  INTO TBL_ADMIN_EMAIL
(
  ADMIN_NO, ADMIN_EMAIL, ADMIN_DOMAIN
)
VALUES
(
  6, 'lee_ej@gmail.com', 'gmail.com'
);

INSERT
  INTO TBL_ADMIN_EMAIL
(
  ADMIN_NO, ADMIN_EMAIL, ADMIN_DOMAIN
)
VALUES
(
  7, 'jo_ay@gmail.com', 'gmail.com'
);

INSERT
  INTO TBL_ADMIN_EMAIL
(
  ADMIN_NO, ADMIN_EMAIL, ADMIN_DOMAIN
)
VALUES
(
  8, 'bak_sl@gmail.com', 'gmail.com'
);

INSERT
  INTO TBL_ADMIN_EMAIL
(
  ADMIN_NO, ADMIN_EMAIL, ADMIN_DOMAIN
)
VALUES
(
  9, 'kim_th@gmail.com', 'gmail.com'
);

INSERT
  INTO TBL_ADMIN_EMAIL
(
  ADMIN_NO, ADMIN_EMAIL, ADMIN_DOMAIN
)
VALUES
(
  10, 'kim_sj@gmail.com', 'gmail.com'
);

INSERT
  INTO TBL_ADMIN_EMAIL
(
  ADMIN_NO, ADMIN_EMAIL, ADMIN_DOMAIN
)
VALUES
(
  11, 'an_nj@gmail.com', 'gmail.com'
);

-- "TBL_APPLY_EMPLOYEE"; 

INSERT INTO TBL_APPLY_EMPLOYEE
(
  APPLY_EMPLOYEE_NO, APPLY_RESERVATION_NO, APPLY_CANCEL_YN, CHECK_EMPLOYEE_YN
)
VALUES
(
  1, 1, 'N', 'Y'
);

INSERT INTO TBL_APPLY_EMPLOYEE
(
  APPLY_EMPLOYEE_NO, APPLY_RESERVATION_NO, APPLY_CANCEL_YN, CHECK_EMPLOYEE_YN
)
VALUES
(
  2, 2, 'N', 'Y'
);

INSERT INTO TBL_APPLY_EMPLOYEE
(
  APPLY_EMPLOYEE_NO, APPLY_RESERVATION_NO, APPLY_CANCEL_YN, CHECK_EMPLOYEE_YN
)
VALUES
(
  3, 3, 'N', 'Y'
);
INSERT INTO TBL_APPLY_EMPLOYEE
(
  APPLY_EMPLOYEE_NO, APPLY_RESERVATION_NO, APPLY_CANCEL_YN, CHECK_EMPLOYEE_YN
)
VALUES
(
  4, 3, 'N', 'Y'
);
INSERT INTO TBL_APPLY_EMPLOYEE
(
  APPLY_EMPLOYEE_NO, APPLY_RESERVATION_NO, APPLY_CANCEL_YN, CHECK_EMPLOYEE_YN
)
VALUES
(
  5, 4, 'N', 'Y'
);
INSERT INTO TBL_APPLY_EMPLOYEE
(
  APPLY_EMPLOYEE_NO, APPLY_RESERVATION_NO, APPLY_CANCEL_YN, CHECK_EMPLOYEE_YN
)
VALUES
(
  6, 5, 'N', 'Y'
);
INSERT INTO TBL_APPLY_EMPLOYEE
(
  APPLY_EMPLOYEE_NO, APPLY_RESERVATION_NO, APPLY_CANCEL_YN, CHECK_EMPLOYEE_YN
)
VALUES
(
  7, 6, 'N', 'Y'
);

INSERT INTO TBL_APPLY_EMPLOYEE
(
  APPLY_EMPLOYEE_NO, APPLY_RESERVATION_NO, APPLY_CANCEL_YN, CHECK_EMPLOYEE_YN
)
VALUES
(
  1, 7, 'N', 'N'
);

INSERT INTO TBL_APPLY_EMPLOYEE
(
  APPLY_EMPLOYEE_NO, APPLY_RESERVATION_NO, APPLY_CANCEL_YN, CHECK_EMPLOYEE_YN
)
VALUES
(
  2, 8, 'N', 'N'
);

INSERT INTO TBL_APPLY_EMPLOYEE
(
  APPLY_EMPLOYEE_NO, APPLY_RESERVATION_NO, APPLY_CANCEL_YN, CHECK_EMPLOYEE_YN
)
VALUES
(
  3, 8, 'N', 'N'
);
INSERT INTO TBL_APPLY_EMPLOYEE
(
  APPLY_EMPLOYEE_NO, APPLY_RESERVATION_NO, APPLY_CANCEL_YN, CHECK_EMPLOYEE_YN
)
VALUES
(
  4, 9, 'N', 'N'
);
INSERT INTO TBL_APPLY_EMPLOYEE
(
  APPLY_EMPLOYEE_NO, APPLY_RESERVATION_NO, APPLY_CANCEL_YN, CHECK_EMPLOYEE_YN
)
VALUES
(
  5, 10, 'N', 'N'
);
INSERT INTO TBL_APPLY_EMPLOYEE
(
  APPLY_EMPLOYEE_NO, APPLY_RESERVATION_NO, APPLY_CANCEL_YN, CHECK_EMPLOYEE_YN
)
VALUES
(
  6, 11, 'N', 'N'
);
INSERT INTO TBL_APPLY_EMPLOYEE
(
  APPLY_EMPLOYEE_NO, APPLY_RESERVATION_NO, APPLY_CANCEL_YN, CHECK_EMPLOYEE_YN
)
VALUES
(
  7, 12, 'N', 'N'
);

-- "TBL_CHECKLIST";
-- "TBL_EMPLOYEE_PICTURE";x
-- "TBL_ADMIN_PICTURE";x
-- "TBL_BOOKMARK"; 

INSERT INTO TBL_BOOKMARK
(
  BOOKMARK_NO, BOOKMARK_CANCEL_YN, BOOKMARK_EMPLOYEE_NO, BOOKMARK_RESERVATION_NO
)
VALUES
(
  SEQ_TBL_BOOKMARK.NEXTVAL, 'N', 1, 1
);

INSERT INTO TBL_BOOKMARK
(
  BOOKMARK_NO, BOOKMARK_CANCEL_YN, BOOKMARK_EMPLOYEE_NO, BOOKMARK_RESERVATION_NO
)
VALUES
(
  SEQ_TBL_BOOKMARK.NEXTVAL, 'N', 1, 2
);

INSERT INTO TBL_BOOKMARK
(
  BOOKMARK_NO, BOOKMARK_CANCEL_YN, BOOKMARK_EMPLOYEE_NO, BOOKMARK_RESERVATION_NO
)
VALUES
(
  SEQ_TBL_BOOKMARK.NEXTVAL, 'N', 1, 3
);
INSERT INTO TBL_BOOKMARK
(
  BOOKMARK_NO, BOOKMARK_CANCEL_YN, BOOKMARK_EMPLOYEE_NO, BOOKMARK_RESERVATION_NO
)
VALUES
(
  SEQ_TBL_BOOKMARK.NEXTVAL, 'N', 2, 1
);
INSERT INTO TBL_BOOKMARK
(
  BOOKMARK_NO, BOOKMARK_CANCEL_YN, BOOKMARK_EMPLOYEE_NO, BOOKMARK_RESERVATION_NO
)
VALUES
(
  SEQ_TBL_BOOKMARK.NEXTVAL, 'N', 2, 2
);
INSERT INTO TBL_BOOKMARK
(
  BOOKMARK_NO, BOOKMARK_CANCEL_YN, BOOKMARK_EMPLOYEE_NO, BOOKMARK_RESERVATION_NO
)
VALUES
(
  SEQ_TBL_BOOKMARK.NEXTVAL, 'N', 3, 1
);
INSERT INTO TBL_BOOKMARK
(
  BOOKMARK_NO, BOOKMARK_CANCEL_YN, BOOKMARK_EMPLOYEE_NO, BOOKMARK_RESERVATION_NO
)
VALUES
(
  SEQ_TBL_BOOKMARK.NEXTVAL, 'N', 3, 3
);
INSERT INTO TBL_BOOKMARK
(
  BOOKMARK_NO, BOOKMARK_CANCEL_YN, BOOKMARK_EMPLOYEE_NO, BOOKMARK_RESERVATION_NO
)
VALUES
(
  SEQ_TBL_BOOKMARK.NEXTVAL, 'N', 1, 7
);

INSERT INTO TBL_BOOKMARK
(
  BOOKMARK_NO, BOOKMARK_CANCEL_YN, BOOKMARK_EMPLOYEE_NO, BOOKMARK_RESERVATION_NO
)
VALUES
(
  SEQ_TBL_BOOKMARK.NEXTVAL, 'N', 1, 8
);

INSERT INTO TBL_BOOKMARK
(
  BOOKMARK_NO, BOOKMARK_CANCEL_YN, BOOKMARK_EMPLOYEE_NO, BOOKMARK_RESERVATION_NO
)
VALUES
(
  SEQ_TBL_BOOKMARK.NEXTVAL, 'N', 1, 9
);
INSERT INTO TBL_BOOKMARK
(
  BOOKMARK_NO, BOOKMARK_CANCEL_YN, BOOKMARK_EMPLOYEE_NO, BOOKMARK_RESERVATION_NO
)
VALUES
(
  SEQ_TBL_BOOKMARK.NEXTVAL, 'N', 2, 7
);
INSERT INTO TBL_BOOKMARK
(
  BOOKMARK_NO, BOOKMARK_CANCEL_YN, BOOKMARK_EMPLOYEE_NO, BOOKMARK_RESERVATION_NO
)
VALUES
(
  SEQ_TBL_BOOKMARK.NEXTVAL, 'N', 2, 8
);
INSERT INTO TBL_BOOKMARK
(
  BOOKMARK_NO, BOOKMARK_CANCEL_YN, BOOKMARK_EMPLOYEE_NO, BOOKMARK_RESERVATION_NO
)
VALUES
(
  SEQ_TBL_BOOKMARK.NEXTVAL, 'N', 3, 9
);
INSERT INTO TBL_BOOKMARK
(
  BOOKMARK_NO, BOOKMARK_CANCEL_YN, BOOKMARK_EMPLOYEE_NO, BOOKMARK_RESERVATION_NO
)
VALUES
(
  SEQ_TBL_BOOKMARK.NEXTVAL, 'N', 3, 10
);

-- "TBL_SURCHARGE"; 

INSERT INTO TBL_SURCHARGE
(
  SURCHARGE_INSURANCE, SURCHARGE_COMMISSION, SURCHARGE_BONUS
)
VALUES
(
  8, 5, 200000
);

-- "TBL_VACATION";

Insert into TBL_VACATION (VACATION_NO,CATEGORY_NO,REQUEST_DATE,DRAFTER,VACATION_FIRST_CONFIRM_YN,VACATION_SECOND_CONFIRM_YN,VACATION_START_DATE,VACATION_END_DATE,VACATION_REASON,VACATION_RETURN_YN,ADMIN_NO) values (SEQ_TBL_VACATION.NEXTVAL,1,to_date('22/07/05','RR/MM/DD'),'이시원','Y','N',to_date('22/07/06','RR/MM/DD'),to_date('22/07/08','RR/MM/DD'),'사유 없음','Y',1);
Insert into TBL_VACATION (VACATION_NO,CATEGORY_NO,REQUEST_DATE,DRAFTER,VACATION_FIRST_CONFIRM_YN,VACATION_SECOND_CONFIRM_YN,VACATION_START_DATE,VACATION_END_DATE,VACATION_REASON,VACATION_RETURN_YN,ADMIN_NO) values (SEQ_TBL_VACATION.NEXTVAL,2,to_date('22/07/03','RR/MM/DD'),'이시원','Y','Y',to_date('22/07/22','RR/MM/DD'),to_date('22/07/22','RR/MM/DD'),'지인 결혼식 참여를 위해 신청합니다.','N',2);
Insert into TBL_VACATION (VACATION_NO,CATEGORY_NO,REQUEST_DATE,DRAFTER,VACATION_FIRST_CONFIRM_YN,VACATION_SECOND_CONFIRM_YN,VACATION_START_DATE,VACATION_END_DATE,VACATION_REASON,VACATION_RETURN_YN,ADMIN_NO) values (SEQ_TBL_VACATION.NEXTVAL,3,to_date('22/07/02','RR/MM/DD'),'이시원','N','N',to_date('22/08/01','RR/MM/DD'),to_date('22/08/02','RR/MM/DD'),'사유 없음','N',5);
Insert into TBL_VACATION (VACATION_NO,CATEGORY_NO,REQUEST_DATE,DRAFTER,VACATION_FIRST_CONFIRM_YN,VACATION_SECOND_CONFIRM_YN,VACATION_START_DATE,VACATION_END_DATE,VACATION_REASON,VACATION_RETURN_YN,ADMIN_NO) values (SEQ_TBL_VACATION.NEXTVAL,2,to_date('22/07/07','RR/MM/DD'),'이시원','N','N',to_date('22/07/28','RR/MM/DD'),to_date('22/07/29','RR/MM/DD'),'예비군 훈련 참여를 위해 휴가 신청합니다.','N',3);
Insert into TBL_VACATION (VACATION_NO,CATEGORY_NO,REQUEST_DATE,DRAFTER,VACATION_FIRST_CONFIRM_YN,VACATION_SECOND_CONFIRM_YN,VACATION_START_DATE,VACATION_END_DATE,VACATION_REASON,VACATION_RETURN_YN,ADMIN_NO) values (SEQ_TBL_VACATION.NEXTVAL,4,to_date('22/07/01','RR/MM/DD'),'이시원','N','N',to_date('22/08/25','RR/MM/DD'),to_date('22/08/26','RR/MM/DD'),'가족 돌봄 휴가 신청합니다.','N',3);

-- "TBL_EMPLOYEE_PAY"; 

INSERT INTO TBL_EMPLOYEE_PAY
( 
  PAY_HISTORY_EMPLOYEE_NO, PAY_EMPLOYEE_DATE, PAY_APPLY_RESERVATION_NO, PAY_APPLY_EMPLOYEE_NO
)
VALUES
(
  SEQ_TBL_EMPLOYEE_PAY.NEXTVAL, TO_DATE('22-07-28', 'YY-MM-DD'), 1, 1
);

INSERT INTO TBL_EMPLOYEE_PAY
( 
  PAY_HISTORY_EMPLOYEE_NO, PAY_EMPLOYEE_DATE, PAY_APPLY_RESERVATION_NO, PAY_APPLY_EMPLOYEE_NO
)
VALUES
(
  SEQ_TBL_EMPLOYEE_PAY.NEXTVAL, TO_DATE('22-07-28', 'YY-MM-DD'), 2, 2
);

INSERT INTO TBL_EMPLOYEE_PAY
( 
  PAY_HISTORY_EMPLOYEE_NO, PAY_EMPLOYEE_DATE, PAY_APPLY_RESERVATION_NO, PAY_APPLY_EMPLOYEE_NO
)
VALUES
(
  SEQ_TBL_EMPLOYEE_PAY.NEXTVAL, TO_DATE('22-07-28', 'YY-MM-DD'), 3, 3
);

INSERT INTO TBL_EMPLOYEE_PAY
( 
  PAY_HISTORY_EMPLOYEE_NO, PAY_EMPLOYEE_DATE, PAY_APPLY_RESERVATION_NO, PAY_APPLY_EMPLOYEE_NO
)
VALUES
(
  SEQ_TBL_EMPLOYEE_PAY.NEXTVAL, TO_DATE('22-07-28', 'YY-MM-DD'), 3, 4
);

INSERT INTO TBL_EMPLOYEE_PAY
( 
  PAY_HISTORY_EMPLOYEE_NO, PAY_EMPLOYEE_DATE, PAY_APPLY_RESERVATION_NO, PAY_APPLY_EMPLOYEE_NO
)
VALUES
(
  SEQ_TBL_EMPLOYEE_PAY.NEXTVAL, TO_DATE('22-07-28', 'YY-MM-DD'), 4, 5
);

INSERT INTO TBL_EMPLOYEE_PAY
( 
  PAY_HISTORY_EMPLOYEE_NO, PAY_EMPLOYEE_DATE, PAY_APPLY_RESERVATION_NO, PAY_APPLY_EMPLOYEE_NO
)
VALUES
(
  SEQ_TBL_EMPLOYEE_PAY.NEXTVAL, TO_DATE('22-07-28', 'YY-MM-DD'), 5, 6
);

INSERT INTO TBL_EMPLOYEE_PAY
( 
  PAY_HISTORY_EMPLOYEE_NO, PAY_EMPLOYEE_DATE, PAY_APPLY_RESERVATION_NO, PAY_APPLY_EMPLOYEE_NO
)
VALUES
(
  SEQ_TBL_EMPLOYEE_PAY.NEXTVAL, TO_DATE('22-07-31', 'YY-MM-DD'), 6, 7
);



-- "TBL_NOTIFICATION"; 

INSERT INTO TBL_NOTIFICATION
(
  NOTIFICATION_NO, NOTIFIVATION_TEXT, NOTIFIVATION_CREATE_TIME, NOTIFIVATION_READ_YN, NOTIFIVATION_ADMIN_YN
, NOTIFIVATION_EMPLOYEE_NO, NOTIFIVATION_RESERVATION_NO, NOTIFIVATION_ADMIN_NO
)
VALUES
(
  SEQ_TBL_NOTIFICATION.NEXTVAL, '즐겨찾기 하신 예약건이 지원 가능 상태로 변경되었습니다.', TO_DATE('2022-07-27 12:00:00', 'YYYY-MM-DD HH24:MI:SS'), 'N', 'N'
, 1, 10, 4
);
INSERT INTO TBL_NOTIFICATION
(
  NOTIFICATION_NO, NOTIFIVATION_TEXT, NOTIFIVATION_CREATE_TIME, NOTIFIVATION_READ_YN, NOTIFIVATION_ADMIN_YN
, NOTIFIVATION_EMPLOYEE_NO, NOTIFIVATION_RESERVATION_NO, NOTIFIVATION_ADMIN_NO
)
VALUES
(
  SEQ_TBL_NOTIFICATION.NEXTVAL, '즐겨찾기 하신 예약건이 지원 가능 상태로 변경되었습니다.', TO_DATE('2022-07-27 12:00:00', 'YYYY-MM-DD HH24:MI:SS'), 'N', 'N'
, 2, 10, 4
);
INSERT INTO TBL_NOTIFICATION
(
  NOTIFICATION_NO, NOTIFIVATION_TEXT, NOTIFIVATION_CREATE_TIME, NOTIFIVATION_READ_YN, NOTIFIVATION_ADMIN_YN
, NOTIFIVATION_EMPLOYEE_NO, NOTIFIVATION_RESERVATION_NO, NOTIFIVATION_ADMIN_NO
)
VALUES
(
  SEQ_TBL_NOTIFICATION.NEXTVAL, '즐겨찾기 하신 예약건이 지원 가능 상태로 변경되었습니다.', TO_DATE('2022-07-27 12:00:00', 'YYYY-MM-DD HH24:MI:SS'), 'N', 'N'
, 3, 10, 4
);
INSERT INTO TBL_NOTIFICATION
(
  NOTIFICATION_NO, NOTIFIVATION_TEXT, NOTIFIVATION_CREATE_TIME, NOTIFIVATION_READ_YN, NOTIFIVATION_ADMIN_YN
, NOTIFIVATION_EMPLOYEE_NO, NOTIFIVATION_RESERVATION_NO, NOTIFIVATION_ADMIN_NO
)
VALUES
(
  SEQ_TBL_NOTIFICATION.NEXTVAL, '즐겨찾기 하신 예약건이 지원 가능 상태로 변경되었습니다.', TO_DATE('2022-07-27 16:00:00', 'YYYY-MM-DD HH24:MI:SS'), 'N', 'N'
, 1, 11, 4
);

INSERT INTO TBL_NOTIFICATION
(
  NOTIFICATION_NO, NOTIFIVATION_TEXT, NOTIFIVATION_CREATE_TIME, NOTIFIVATION_READ_YN, NOTIFIVATION_ADMIN_YN
, NOTIFIVATION_EMPLOYEE_NO, NOTIFIVATION_RESERVATION_NO, NOTIFIVATION_ADMIN_NO
)
VALUES
(
  SEQ_TBL_NOTIFICATION.NEXTVAL, '지원하셨던 예약건에서 관리자가 직원님의 상태를 지원취소 상태로 변경했습니다.', TO_DATE('2022-07-27 08:00:00', 'YYYY-MM-DD HH24:MI:SS'), 'N', 'N'
, 1, 4, 4
);

INSERT INTO TBL_NOTIFICATION
(
  NOTIFICATION_NO, NOTIFIVATION_TEXT, NOTIFIVATION_CREATE_TIME, NOTIFIVATION_READ_YN, NOTIFIVATION_ADMIN_YN
, NOTIFIVATION_EMPLOYEE_NO, NOTIFIVATION_RESERVATION_NO, NOTIFIVATION_ADMIN_NO
)
VALUES
(
  SEQ_TBL_NOTIFICATION.NEXTVAL, '해당 예약건에 직원추가가 필요합니다.', TO_DATE('2022-07-27 08:00:00', 'YYYY-MM-DD HH24:MI:SS'), 'N', 'Y'
, NULL , 4, 4
);

INSERT INTO TBL_NOTIFICATION
(
  NOTIFICATION_NO, NOTIFIVATION_TEXT, NOTIFIVATION_CREATE_TIME, NOTIFIVATION_READ_YN, NOTIFIVATION_ADMIN_YN
, NOTIFIVATION_EMPLOYEE_NO, NOTIFIVATION_RESERVATION_NO, NOTIFIVATION_ADMIN_NO
)
VALUES
(
  SEQ_TBL_NOTIFICATION.NEXTVAL, '해당 예약건에 직원추가가 필요합니다.', TO_DATE('2022-07-27 08:00:00', 'YYYY-MM-DD HH24:MI:SS'), 'N', 'Y'
, NULL , 6, 4
);

-- "TBL_ADMIN_IP_ADRESS";x
-- "EMPLOYEE_REST_COMMIT";

INSERT 
  INTO TBL_EMPLOYEE_REST_COMMIT 
  (
  EMPLOYEE_NO, ADMIN_NO, REASON, EMPLOYEE_LAST_CONFIRM_DATE
  ) 
  VALUES
  (
  1, 1, NULL, TO_DATE('22/01/01','RR/MM/DD')
  );

INSERT 
  INTO TBL_EMPLOYEE_REST_COMMIT 
  (
  EMPLOYEE_NO, ADMIN_NO, REASON, EMPLOYEE_LAST_CONFIRM_DATE
  ) 
  VALUES
  (
  1, 7, NULL, TO_DATE('22/01/01','RR/MM/DD')
  );

INSERT 
  INTO TBL_EMPLOYEE_REST_COMMIT 
  (
  EMPLOYEE_NO, ADMIN_NO, REASON, EMPLOYEE_LAST_CONFIRM_DATE
  ) 
  VALUES
  (
  2, 1, NULL, TO_DATE('22/01/02','RR/MM/DD')
  );

INSERT 
  INTO TBL_EMPLOYEE_REST_COMMIT 
  (
  EMPLOYEE_NO, ADMIN_NO, REASON, EMPLOYEE_LAST_CONFIRM_DATE
  ) 
  VALUES
  (
  2, 7, NULL, TO_DATE('22/01/02','RR/MM/DD')
  );

INSERT 
  INTO TBL_EMPLOYEE_REST_COMMIT 
  (
  EMPLOYEE_NO, ADMIN_NO, REASON, EMPLOYEE_LAST_CONFIRM_DATE
  ) 
  VALUES
  (
  3, 1, NULL, TO_DATE('22/01/03','RR/MM/DD')
  );

INSERT 
  INTO TBL_EMPLOYEE_REST_COMMIT 
  (
  EMPLOYEE_NO, ADMIN_NO, REASON, EMPLOYEE_LAST_CONFIRM_DATE
  ) 
  VALUES
  (
  3, 7, NULL, TO_DATE('22/01/03','RR/MM/DD')
  );

INSERT 
  INTO TBL_EMPLOYEE_REST_COMMIT 
  (
  EMPLOYEE_NO, ADMIN_NO, REASON, EMPLOYEE_LAST_CONFIRM_DATE
  ) 
  VALUES
  (
  4, 1, NULL, TO_DATE('22/01/04','RR/MM/DD')
  );

INSERT 
  INTO TBL_EMPLOYEE_REST_COMMIT 
  (
  EMPLOYEE_NO, ADMIN_NO, REASON, EMPLOYEE_LAST_CONFIRM_DATE
  ) 
  VALUES
  (
  4, 7, NULL, TO_DATE('22/01/04','RR/MM/DD')
  );

INSERT 
  INTO TBL_EMPLOYEE_REST_COMMIT 
  (
  EMPLOYEE_NO, ADMIN_NO, REASON, EMPLOYEE_LAST_CONFIRM_DATE
  ) 
  VALUES
  (
  5, 1, NULL, TO_DATE('22/01/05','RR/MM/DD')
  );

INSERT 
  INTO TBL_EMPLOYEE_REST_COMMIT 
  (
  EMPLOYEE_NO, ADMIN_NO, REASON, EMPLOYEE_LAST_CONFIRM_DATE
  ) 
  VALUES
  (
  5, 7, NULL, TO_DATE('22/01/05','RR/MM/DD')
  );

INSERT 
  INTO TBL_EMPLOYEE_REST_COMMIT 
  (
  EMPLOYEE_NO, ADMIN_NO, REASON, EMPLOYEE_LAST_CONFIRM_DATE
  ) 
  VALUES
  (
  6, 1, NULL, TO_DATE('22/01/06','RR/MM/DD')
  );

INSERT 
  INTO TBL_EMPLOYEE_REST_COMMIT 
  (
  EMPLOYEE_NO, ADMIN_NO, REASON, EMPLOYEE_LAST_CONFIRM_DATE
  ) 
  VALUES
  (
  6, 7, NULL, TO_DATE('22/01/06','RR/MM/DD')
  );

INSERT 
  INTO TBL_EMPLOYEE_REST_COMMIT 
  (
  EMPLOYEE_NO, ADMIN_NO, REASON, EMPLOYEE_LAST_CONFIRM_DATE
  ) 
  VALUES
  (
  7, 1, NULL, TO_DATE('22/01/07','RR/MM/DD')
  );

INSERT 
  INTO TBL_EMPLOYEE_REST_COMMIT 
  (
  EMPLOYEE_NO, ADMIN_NO, REASON, EMPLOYEE_LAST_CONFIRM_DATE
  ) 
  VALUES
  (
  7, 7, NULL, TO_DATE('22/01/07','RR/MM/DD')
  );

INSERT 
  INTO TBL_EMPLOYEE_REST_COMMIT 
  (
  EMPLOYEE_NO, ADMIN_NO, REASON, EMPLOYEE_LAST_CONFIRM_DATE
  ) 
  VALUES
  (
  8, 1, NULL, TO_DATE('22/01/08','RR/MM/DD')
  );

INSERT 
  INTO TBL_EMPLOYEE_REST_COMMIT 
  (
  EMPLOYEE_NO, ADMIN_NO, REASON, EMPLOYEE_LAST_CONFIRM_DATE
  ) 
  VALUES
  (
  8, 7, NULL, TO_DATE('22/01/08','RR/MM/DD')
  );

INSERT 
  INTO TBL_EMPLOYEE_REST_COMMIT 
  (
  EMPLOYEE_NO, ADMIN_NO, REASON, EMPLOYEE_LAST_CONFIRM_DATE
  ) 
  VALUES
  (
  9, 1, NULL, TO_DATE('22/01/09','RR/MM/DD')
  );

INSERT 
  INTO TBL_EMPLOYEE_REST_COMMIT 
  (
  EMPLOYEE_NO, ADMIN_NO, REASON, EMPLOYEE_LAST_CONFIRM_DATE
  ) 
  VALUES
  (
  9, 7, NULL, TO_DATE('22/01/09','RR/MM/DD')
  );

INSERT 
  INTO TBL_EMPLOYEE_REST_COMMIT 
  (
  EMPLOYEE_NO, ADMIN_NO, REASON, EMPLOYEE_LAST_CONFIRM_DATE
  ) 
  VALUES
  (
  10, 1, NULL, TO_DATE('22/01/10','RR/MM/DD')
  );

INSERT 
  INTO TBL_EMPLOYEE_REST_COMMIT 
  (
  EMPLOYEE_NO, ADMIN_NO, REASON, EMPLOYEE_LAST_CONFIRM_DATE
  ) 
  VALUES
  (
  10, 7, NULL, TO_DATE('22/01/10','RR/MM/DD')
  );

INSERT 
  INTO TBL_EMPLOYEE_REST_COMMIT 
  (
  EMPLOYEE_NO, ADMIN_NO, REASON, EMPLOYEE_LAST_CONFIRM_DATE
  ) 
  VALUES
  (
  11, 1, NULL, TO_DATE('22/01/11','RR/MM/DD')
  );

INSERT 
  INTO TBL_EMPLOYEE_REST_COMMIT 
  (
  EMPLOYEE_NO, ADMIN_NO, REASON, EMPLOYEE_LAST_CONFIRM_DATE
  ) 
  VALUES
  (
  11, 7, NULL, TO_DATE('22/01/11','RR/MM/DD')
  );

INSERT 
  INTO TBL_EMPLOYEE_REST_COMMIT 
  (
  EMPLOYEE_NO, ADMIN_NO, REASON, EMPLOYEE_LAST_CONFIRM_DATE
  ) 
  VALUES
  (
  12, 1, NULL, TO_DATE('22/01/12','RR/MM/DD')
  );

INSERT 
  INTO TBL_EMPLOYEE_REST_COMMIT 
  (
  EMPLOYEE_NO, ADMIN_NO, REASON, EMPLOYEE_LAST_CONFIRM_DATE
  ) 
  VALUES
  (
  12, 7, NULL, TO_DATE('22/01/12','RR/MM/DD')
  );

INSERT 
  INTO TBL_EMPLOYEE_REST_COMMIT 
  (
  EMPLOYEE_NO, ADMIN_NO, REASON, EMPLOYEE_LAST_CONFIRM_DATE
  ) 
  VALUES
  (
  13, 1, NULL, TO_DATE('22/01/13','RR/MM/DD')
  );

INSERT 
  INTO TBL_EMPLOYEE_REST_COMMIT 
  (
  EMPLOYEE_NO, ADMIN_NO, REASON, EMPLOYEE_LAST_CONFIRM_DATE
  ) 
  VALUES
  (
  13, 7, NULL, TO_DATE('22/01/13','RR/MM/DD')
  );

INSERT 
  INTO TBL_EMPLOYEE_REST_COMMIT 
  (
  EMPLOYEE_NO, ADMIN_NO, REASON, EMPLOYEE_LAST_CONFIRM_DATE
  ) 
  VALUES
  (
  14, 1, NULL, TO_DATE('22/01/14','RR/MM/DD')
  );

INSERT 
  INTO TBL_EMPLOYEE_REST_COMMIT 
  (
  EMPLOYEE_NO, ADMIN_NO, REASON, EMPLOYEE_LAST_CONFIRM_DATE
  ) 
  VALUES
  (
  14, 7, NULL, TO_DATE('22/01/14','RR/MM/DD')
  );

INSERT 
  INTO TBL_EMPLOYEE_REST_COMMIT 
  (
  EMPLOYEE_NO, ADMIN_NO, REASON, EMPLOYEE_LAST_CONFIRM_DATE
  ) 
  VALUES
  (
  15, 1, NULL, TO_DATE('22/01/15','RR/MM/DD')
  );

INSERT 
  INTO TBL_EMPLOYEE_REST_COMMIT 
  (
  EMPLOYEE_NO, ADMIN_NO, REASON, EMPLOYEE_LAST_CONFIRM_DATE
  ) 
  VALUES
  (
  15, 7, NULL, TO_DATE('22/01/15','RR/MM/DD')
  );

INSERT 
  INTO TBL_EMPLOYEE_REST_COMMIT 
  (
  EMPLOYEE_NO, ADMIN_NO, REASON, EMPLOYEE_LAST_CONFIRM_DATE
  ) 
  VALUES
  (
  16, 1, NULL, TO_DATE('22/01/16','RR/MM/DD')
  );

INSERT 
  INTO TBL_EMPLOYEE_REST_COMMIT 
  (
  EMPLOYEE_NO, ADMIN_NO, REASON, EMPLOYEE_LAST_CONFIRM_DATE
  ) 
  VALUES
  (
  16, 7, NULL, TO_DATE('22/01/16','RR/MM/DD')
  );

INSERT 
  INTO TBL_EMPLOYEE_REST_COMMIT 
  (
  EMPLOYEE_NO, ADMIN_NO, REASON, EMPLOYEE_LAST_CONFIRM_DATE
  ) 
  VALUES
  (
  17, 1, NULL, TO_DATE('22/01/17','RR/MM/DD')
  );

INSERT 
  INTO TBL_EMPLOYEE_REST_COMMIT 
  (
  EMPLOYEE_NO, ADMIN_NO, REASON, EMPLOYEE_LAST_CONFIRM_DATE
  ) 
  VALUES
  (
  17, 7, NULL, TO_DATE('22/01/17','RR/MM/DD')
  );

INSERT 
  INTO TBL_EMPLOYEE_REST_COMMIT 
  (
  EMPLOYEE_NO, ADMIN_NO, REASON, EMPLOYEE_LAST_CONFIRM_DATE
  ) 
  VALUES
  (
  18, 1, '출퇴근 소요시간이 10시간', TO_DATE('22/01/18','RR/MM/DD')
  );

INSERT 
  INTO TBL_EMPLOYEE_REST_COMMIT 
  (
  EMPLOYEE_NO, ADMIN_NO, REASON, EMPLOYEE_LAST_CONFIRM_DATE
  ) 
  VALUES
  (
  19, 1, '친절하지 아니 함', TO_DATE('22/01/19','RR/MM/DD')
  );

INSERT 
  INTO TBL_EMPLOYEE_REST_COMMIT 
  (
  EMPLOYEE_NO, ADMIN_NO, REASON, EMPLOYEE_LAST_CONFIRM_DATE
  ) 
  VALUES
  (
  20, 1, '뺀질거리게 생김', TO_DATE('22/01/20','RR/MM/DD')
  );

-- "TBL_VACATION_COMMIT";
<<<<<<< HEAD
<<<<<<< HEAD
Insert into TBL_VACATION_COMMIT (ADMIN_NO,VACATION_NO,CATEGORY_NO,RETURN_REASON,CONFIRM_DATE) values (2,1,1,'승인합니다.',to_date('22/07/06','RR/MM/DD'));
Insert into TBL_VACATION_COMMIT (ADMIN_NO,VACATION_NO,CATEGORY_NO,RETURN_REASON,CONFIRM_DATE) values (1,1,1,'사유를 기입해주세요.',to_date('22/07/07','RR/MM/DD'));
Insert into TBL_VACATION_COMMIT (ADMIN_NO,VACATION_NO,CATEGORY_NO,RETURN_REASON,CONFIRM_DATE) values (2,2,2,'승인합니다.',to_date('22/07/05','RR/MM/DD'));
Insert into TBL_VACATION_COMMIT (ADMIN_NO,VACATION_NO,CATEGORY_NO,RETURN_REASON,CONFIRM_DATE) values (1,2,2,'승인합니다.',to_date('22/07/06','RR/MM/DD'));
Insert into TBL_VACATION_COMMIT (ADMIN_NO,VACATION_NO,CATEGORY_NO,RETURN_REASON,CONFIRM_DATE) values (2,3,3,'반려합니다.',to_date('22/07/05','RR/MM/DD'));

-- "TBL_VACATION_CATEGORY";
Insert into TBL_VACATION_CATEGORY (CATEGORY_NO,VACATION_NAME) values (1,'연차');
Insert into TBL_VACATION_CATEGORY (CATEGORY_NO,VACATION_NAME) values (2,'공가');
Insert into TBL_VACATION_CATEGORY (CATEGORY_NO,VACATION_NAME) values (3,'경조사');
Insert into TBL_VACATION_CATEGORY (CATEGORY_NO,VACATION_NAME) values (4,'기타');
=======
=======
>>>>>>> master

INSERT INTO "TBL_VACATION_COMMIT" (ADMIN_NO, VACATION_NO, CONFIRM_REASON, CONFIRM_DATE) VALUES ('1', '2', '가지마!!', TO_DATE('2022-07-24 00:00:00', 'YYYY-MM-DD HH24:MI:SS'));
INSERT INTO "TBL_VACATION_COMMIT" (ADMIN_NO, VACATION_NO, CONFIRM_REASON, CONFIRM_DATE) VALUES ('1', '7', '가지마!!!', TO_DATE('2022-07-24 00:00:00', 'YYYY-MM-DD HH24:MI:SS'));
INSERT INTO "TBL_VACATION_COMMIT" (ADMIN_NO, VACATION_NO, CONFIRM_REASON, CONFIRM_DATE) VALUES ('2', '7', '잘다녀오세요~', TO_DATE('2022-07-22 00:00:00', 'YYYY-MM-DD HH24:MI:SS'));
INSERT INTO "TBL_VACATION_COMMIT" (ADMIN_NO, VACATION_NO, CONFIRM_REASON, CONFIRM_DATE) VALUES ('2', '2', '잘다녀오세요~', TO_DATE('2022-07-22 00:00:00', 'YYYY-MM-DD HH24:MI:SS'));
INSERT INTO "TBL_VACATION_COMMIT" (ADMIN_NO, VACATION_NO, CONFIRM_DATE) VALUES ('2', '12', TO_DATE('2022-07-14 00:00:00', 'YYYY-MM-DD HH24:MI:SS'));
INSERT INTO "TBL_VACATION_COMMIT" (ADMIN_NO, VACATION_NO, CONFIRM_DATE) VALUES ('2', '5', TO_DATE('2022-07-21 00:00:00', 'YYYY-MM-DD HH24:MI:SS'));
INSERT INTO "TBL_VACATION_COMMIT" (ADMIN_NO, VACATION_NO, CONFIRM_DATE) VALUES ('2', '6', TO_DATE('2022-07-19 00:00:00', 'YYYY-MM-DD HH24:MI:SS'));
INSERT INTO "TBL_VACATION_COMMIT" (ADMIN_NO, VACATION_NO, CONFIRM_DATE) VALUES ('1', '6', TO_DATE('2022-07-20 00:00:00', 'YYYY-MM-DD HH24:MI:SS'));
INSERT INTO "TBL_VACATION_COMMIT" (ADMIN_NO, VACATION_NO, CONFIRM_DATE) VALUES ('2', '8', TO_DATE('2022-07-24 00:00:00', 'YYYY-MM-DD HH24:MI:SS'));
INSERT INTO "TBL_VACATION_COMMIT" (ADMIN_NO, VACATION_NO, CONFIRM_DATE) VALUES ('1', '8', TO_DATE('2022-07-24 00:00:00', 'YYYY-MM-DD HH24:MI:SS'));
INSERT INTO "TBL_VACATION_COMMIT" (ADMIN_NO, VACATION_NO, CONFIRM_DATE) VALUES ('1', '9', TO_DATE('2022-07-22 00:00:00', 'YYYY-MM-DD HH24:MI:SS'));
INSERT INTO "TBL_VACATION_COMMIT" (ADMIN_NO, VACATION_NO, CONFIRM_DATE) VALUES ('1', '3', TO_DATE('2022-07-22 00:00:00', 'YYYY-MM-DD HH24:MI:SS'));
INSERT INTO "TBL_VACATION_COMMIT" (ADMIN_NO, VACATION_NO, CONFIRM_DATE) VALUES ('2', '3', TO_DATE('2022-07-14 00:00:00', 'YYYY-MM-DD HH24:MI:SS'));
INSERT INTO "TBL_VACATION_COMMIT" (ADMIN_NO, VACATION_NO, CONFIRM_DATE) VALUES ('2', '10', TO_DATE('2022-07-21 00:00:00', 'YYYY-MM-DD HH24:MI:SS'));
INSERT INTO "TBL_VACATION_COMMIT" (ADMIN_NO, VACATION_NO, CONFIRM_DATE) VALUES ('2', '1', TO_DATE('2022-07-19 00:00:00', 'YYYY-MM-DD HH24:MI:SS'));
INSERT INTO "TBL_VACATION_COMMIT" (ADMIN_NO, VACATION_NO, CONFIRM_DATE) VALUES ('1', '1', TO_DATE('2022-07-20 00:00:00', 'YYYY-MM-DD HH24:MI:SS'));


-- TBL_ADMIN_PICTURE

Insert into TBL_ADMIN_PICTURE (ADMIN_PICTURE_NO,ADMIN_PICTURE_ORIGIN_NAME,ADMIN_PICTURE_SAVE_NAME,ADMIN_PICTURE_SAVE_ROOT,ADMIN_NO) values (SEQ_TBL_ADMIN_PICTURE.nextval,'aaaaa','aaaaa','C:\Final_Clean\com-project-clean/src/main/resources/static/adminPicture/thumbnail',1);
Insert into TBL_ADMIN_PICTURE (ADMIN_PICTURE_NO,ADMIN_PICTURE_ORIGIN_NAME,ADMIN_PICTURE_SAVE_NAME,ADMIN_PICTURE_SAVE_ROOT,ADMIN_NO) values (SEQ_TBL_ADMIN_PICTURE.nextval,'bbbbb','bbbbb','C:\Final_Clean\com-project-clean/src/main/resources/static/adminPicture/thumbnail',2);
Insert into TBL_ADMIN_PICTURE (ADMIN_PICTURE_NO,ADMIN_PICTURE_ORIGIN_NAME,ADMIN_PICTURE_SAVE_NAME,ADMIN_PICTURE_SAVE_ROOT,ADMIN_NO) values (SEQ_TBL_ADMIN_PICTURE.nextval,'ccccc','ccccc','C:\Final_Clean\com-project-clean/src/main/resources/static/adminPicture/thumbnail',3);
Insert into TBL_ADMIN_PICTURE (ADMIN_PICTURE_NO,ADMIN_PICTURE_ORIGIN_NAME,ADMIN_PICTURE_SAVE_NAME,ADMIN_PICTURE_SAVE_ROOT,ADMIN_NO) values (SEQ_TBL_ADMIN_PICTURE.nextval,'ddddd','ddddd','C:\Final_Clean\com-project-clean/src/main/resources/static/adminPicture/thumbnail',4);
Insert into TBL_ADMIN_PICTURE (ADMIN_PICTURE_NO,ADMIN_PICTURE_ORIGIN_NAME,ADMIN_PICTURE_SAVE_NAME,ADMIN_PICTURE_SAVE_ROOT,ADMIN_NO) values (SEQ_TBL_ADMIN_PICTURE.nextval,'eeeee','eeeee','C:\Final_Clean\com-project-clean/src/main/resources/static/adminPicture/thumbnail',5);
Insert into TBL_ADMIN_PICTURE (ADMIN_PICTURE_NO,ADMIN_PICTURE_ORIGIN_NAME,ADMIN_PICTURE_SAVE_NAME,ADMIN_PICTURE_SAVE_ROOT,ADMIN_NO) values (SEQ_TBL_ADMIN_PICTURE.nextval,'ffffff','ffffff','C:\Final_Clean\com-project-clean/src/main/resources/static/adminPicture/thumbnail',6);
Insert into TBL_ADMIN_PICTURE (ADMIN_PICTURE_NO,ADMIN_PICTURE_ORIGIN_NAME,ADMIN_PICTURE_SAVE_NAME,ADMIN_PICTURE_SAVE_ROOT,ADMIN_NO) values (SEQ_TBL_ADMIN_PICTURE.nextval,'rrrrrr','rrrrrr','C:\Final_Clean\com-project-clean/src/main/resources/static/adminPicture/thumbnail',7);
Insert into TBL_ADMIN_PICTURE (ADMIN_PICTURE_NO,ADMIN_PICTURE_ORIGIN_NAME,ADMIN_PICTURE_SAVE_NAME,ADMIN_PICTURE_SAVE_ROOT,ADMIN_NO) values (SEQ_TBL_ADMIN_PICTURE.nextval,'wwwwww','wwwwww','C:\Final_Clean\com-project-clean/src/main/resources/static/adminPicture/thumbnail',8);
Insert into TBL_ADMIN_PICTURE (ADMIN_PICTURE_NO,ADMIN_PICTURE_ORIGIN_NAME,ADMIN_PICTURE_SAVE_NAME,ADMIN_PICTURE_SAVE_ROOT,ADMIN_NO) values (SEQ_TBL_ADMIN_PICTURE.nextval,'qqqqqq','qqqqqq','C:\Final_Clean\com-project-clean/src/main/resources/static/adminPicture/thumbnail',9);
Insert into TBL_ADMIN_PICTURE (ADMIN_PICTURE_NO,ADMIN_PICTURE_ORIGIN_NAME,ADMIN_PICTURE_SAVE_NAME,ADMIN_PICTURE_SAVE_ROOT,ADMIN_NO) values (SEQ_TBL_ADMIN_PICTURE.nextval,'ttttt','ttttt','C:\Final_Clean\com-project-clean/src/main/resources/static/adminPicture/thumbnail',10);
Insert into TBL_ADMIN_PICTURE (ADMIN_PICTURE_NO,ADMIN_PICTURE_ORIGIN_NAME,ADMIN_PICTURE_SAVE_NAME,ADMIN_PICTURE_SAVE_ROOT,ADMIN_NO) values (SEQ_TBL_ADMIN_PICTURE.nextval,'ggggg','ggggg','C:\Final_Clean\com-project-clean/src/main/resources/static/adminPicture/thumbnail',11);

<<<<<<< HEAD
>>>>>>> ad289f76a1b920159893096fec3eb863abbfdbf5
=======
>>>>>>> master

commit;